run,modelName,epoch,train loss,valid loss,train accuracy,valid accuracy,epoch duration,run duration,kfoldSplit,lr,batch_size,num_worker,model,optim,criterion,autocast
1,RNN,300,2.4798860923251222,3.1348024088541666,0.0498220640569395,0.0933333333333333,0.9760541915893556,0.9780542850494384,10,0.001,512,0,<class 'models.RNN'>,<class 'torch.optim.adam.Adam'>,<class 'torch.nn.modules.loss.CrossEntropyLoss'>,False
1,RNN,300,2.443693946123406,3.116712890625,0.0931198102016607,0.1226666666666666,0.9521090984344482,1.9751644134521484,10,0.001,512,0,<class 'models.RNN'>,<class 'torch.optim.adam.Adam'>,<class 'torch.nn.modules.loss.CrossEntropyLoss'>,False
1,RNN,300,2.4263418249671003,3.097654947916667,0.1123962040332147,0.144,0.9450664520263672,2.961231470108032,10,0.001,512,0,<class 'models.RNN'>,<class 'torch.optim.adam.Adam'>,<class 'torch.nn.modules.loss.CrossEntropyLoss'>,False
1,RNN,300,2.4101700426420707,3.0776598307291665,0.134638196915777,0.192,0.9985795021057128,4.000811338424683,10,0.001,512,0,<class 'models.RNN'>,<class 'torch.optim.adam.Adam'>,<class 'torch.nn.modules.loss.CrossEntropyLoss'>,False
1,RNN,300,2.394027909067319,3.0565013020833334,0.1963226571767497,0.2773333333333333,0.9389925003051758,4.978804111480713,10,0.001,512,0,<class 'models.RNN'>,<class 'torch.optim.adam.Adam'>,<class 'torch.nn.modules.loss.CrossEntropyLoss'>,False
1,RNN,300,2.3775154738239546,3.0339378255208334,0.2583036773428232,0.3066666666666666,0.9583940505981444,5.978198289871216,10,0.001,512,0,<class 'models.RNN'>,<class 'torch.optim.adam.Adam'>,<class 'torch.nn.modules.loss.CrossEntropyLoss'>,False
1,RNN,300,2.360336032202236,3.0096389973958333,0.2829181494661921,0.32,0.963965892791748,6.983160734176636,10,0.001,512,0,<class 'models.RNN'>,<class 'torch.optim.adam.Adam'>,<class 'torch.nn.modules.loss.CrossEntropyLoss'>,False
1,RNN,300,2.342212355716656,2.9832890625,0.295373665480427,0.3306666666666666,0.9535174369812012,7.980227708816528,10,0.001,512,0,<class 'models.RNN'>,<class 'torch.optim.adam.Adam'>,<class 'torch.nn.modules.loss.CrossEntropyLoss'>,False
1,RNN,300,2.3229655744342192,2.9547916666666665,0.3087188612099644,0.3493333333333333,1.001028537750244,9.021259069442747,10,0.001,512,0,<class 'models.RNN'>,<class 'torch.optim.adam.Adam'>,<class 'torch.nn.modules.loss.CrossEntropyLoss'>,False
1,RNN,300,2.3025793616316355,2.924267578125,0.3274021352313167,0.3653333333333333,0.9956300258636476,10.06688952445984,10,0.001,512,0,<class 'models.RNN'>,<class 'torch.optim.adam.Adam'>,<class 'torch.nn.modules.loss.CrossEntropyLoss'>,False
1,RNN,300,2.281092959366659,2.8918805338541667,0.3466785290628707,0.3653333333333333,0.9320368766784668,11.038925170898438,10,0.001,512,0,<class 'models.RNN'>,<class 'torch.optim.adam.Adam'>,<class 'torch.nn.modules.loss.CrossEntropyLoss'>,False
1,RNN,300,2.258558352505468,2.8578896484375,0.3404507710557533,0.352,1.000351905822754,12.077276468276978,10,0.001,512,0,<class 'models.RNN'>,<class 'torch.optim.adam.Adam'>,<class 'torch.nn.modules.loss.CrossEntropyLoss'>,False
1,RNN,300,2.235082859387743,2.8226744791666665,0.316429418742586,0.376,0.967804193496704,13.087080478668211,10,0.001,512,0,<class 'models.RNN'>,<class 'torch.optim.adam.Adam'>,<class 'torch.nn.modules.loss.CrossEntropyLoss'>,False
1,RNN,300,2.2108295481400133,2.786680989583333,0.3250296559905101,0.3733333333333333,0.97550368309021,14.10158395767212,10,0.001,512,0,<class 'models.RNN'>,<class 'torch.optim.adam.Adam'>,<class 'torch.nn.modules.loss.CrossEntropyLoss'>,False
1,RNN,300,2.1860063039252484,2.7504150390625,0.3312574139976275,0.36,0.962245225906372,15.105339527130129,10,0.001,512,0,<class 'models.RNN'>,<class 'torch.optim.adam.Adam'>,<class 'torch.nn.modules.loss.CrossEntropyLoss'>,False
1,RNN,300,2.160855149600571,2.7143424479166667,0.3351126927639383,0.36,0.934650182723999,16.081990480422974,10,0.001,512,0,<class 'models.RNN'>,<class 'torch.optim.adam.Adam'>,<class 'torch.nn.modules.loss.CrossEntropyLoss'>,False
1,RNN,300,2.135653114545105,2.6787596028645835,0.3324436536180308,0.368,0.9751863479614258,17.09917449951172,10,0.001,512,0,<class 'models.RNN'>,<class 'torch.optim.adam.Adam'>,<class 'torch.nn.modules.loss.CrossEntropyLoss'>,False
1,RNN,300,2.110689337426092,2.6438624674479168,0.342526690391459,0.376,0.9994795322418212,18.145167112350464,10,0.001,512,0,<class 'models.RNN'>,<class 'torch.optim.adam.Adam'>,<class 'torch.nn.modules.loss.CrossEntropyLoss'>,False
1,RNN,300,2.0861762285515364,2.60980029296875,0.3493475682087781,0.3866666666666666,0.9578828811645508,19.14104795455933,10,0.001,512,0,<class 'models.RNN'>,<class 'torch.optim.adam.Adam'>,<class 'torch.nn.modules.loss.CrossEntropyLoss'>,False
1,RNN,300,2.062238790527923,2.5766429036458334,0.3609134045077105,0.4106666666666667,0.9677135944366456,20.14775872230529,10,0.001,512,0,<class 'models.RNN'>,<class 'torch.optim.adam.Adam'>,<class 'torch.nn.modules.loss.CrossEntropyLoss'>,False
1,RNN,300,2.0389178220628983,2.544341145833333,0.3724792408066429,0.4213333333333333,1.008176565170288,21.19493198394776,10,0.001,512,0,<class 'models.RNN'>,<class 'torch.optim.adam.Adam'>,<class 'torch.nn.modules.loss.CrossEntropyLoss'>,False
1,RNN,300,2.0161440160350868,2.5127106119791667,0.3849347568208778,0.4373333333333333,0.9636173248291016,22.195549249649048,10,0.001,512,0,<class 'models.RNN'>,<class 'torch.optim.adam.Adam'>,<class 'torch.nn.modules.loss.CrossEntropyLoss'>,False
1,RNN,300,1.9937753190915075,2.4815242513020834,0.3923487544483985,0.44,0.9415647983551024,23.17611265182495,10,0.001,512,0,<class 'models.RNN'>,<class 'torch.optim.adam.Adam'>,<class 'torch.nn.modules.loss.CrossEntropyLoss'>,False
1,RNN,300,1.9716528624402248,2.45057373046875,0.398576512455516,0.4506666666666666,0.9610958099365234,24.177207708358765,10,0.001,512,0,<class 'models.RNN'>,<class 'torch.optim.adam.Adam'>,<class 'torch.nn.modules.loss.CrossEntropyLoss'>,False
1,RNN,300,1.9496295426663977,2.41969873046875,0.4074733096085409,0.4506666666666666,1.0187265872955322,25.23393440246582,10,0.001,512,0,<class 'models.RNN'>,<class 'torch.optim.adam.Adam'>,<class 'torch.nn.modules.loss.CrossEntropyLoss'>,False
1,RNN,300,1.9275762302312704,2.3887879231770834,0.4166666666666667,0.464,0.9240262508392334,26.19596242904663,10,0.001,512,0,<class 'models.RNN'>,<class 'torch.optim.adam.Adam'>,<class 'torch.nn.modules.loss.CrossEntropyLoss'>,False
1,RNN,300,1.9053763935998669,2.3577677408854165,0.4326809015421115,0.4826666666666667,0.9561100006103516,27.19107222557068,10,0.001,512,0,<class 'models.RNN'>,<class 'torch.optim.adam.Adam'>,<class 'torch.nn.modules.loss.CrossEntropyLoss'>,False
1,RNN,300,1.8829198545408417,2.326599772135417,0.4507710557532621,0.4986666666666666,0.9418787956237792,28.17395257949829,10,0.001,512,0,<class 'models.RNN'>,<class 'torch.optim.adam.Adam'>,<class 'torch.nn.modules.loss.CrossEntropyLoss'>,False
1,RNN,300,1.8601459942112897,2.2952333984375,0.4685646500593119,0.5146666666666667,0.9961962699890136,29.210150480270386,10,0.001,512,0,<class 'models.RNN'>,<class 'torch.optim.adam.Adam'>,<class 'torch.nn.modules.loss.CrossEntropyLoss'>,False
1,RNN,300,1.837052948251455,2.2635594075520835,0.4866548042704626,0.5306666666666666,0.9920506477355956,30.24519920349121,10,0.001,512,0,<class 'models.RNN'>,<class 'torch.optim.adam.Adam'>,<class 'torch.nn.modules.loss.CrossEntropyLoss'>,False
1,RNN,300,1.813615683558997,2.2315323893229166,0.508600237247924,0.56,0.9801013469696044,31.267301321029663,10,0.001,512,0,<class 'models.RNN'>,<class 'torch.optim.adam.Adam'>,<class 'torch.nn.modules.loss.CrossEntropyLoss'>,False
1,RNN,300,1.789860464075706,2.1991915690104165,0.5293594306049823,0.5813333333333334,0.9740171432495116,32.27931809425354,10,0.001,512,0,<class 'models.RNN'>,<class 'torch.optim.adam.Adam'>,<class 'torch.nn.modules.loss.CrossEntropyLoss'>,False
1,RNN,300,1.765932076342165,2.166715983072917,0.5501186239620404,0.6106666666666667,0.9761810302734376,33.296499490737915,10,0.001,512,0,<class 'models.RNN'>,<class 'torch.optim.adam.Adam'>,<class 'torch.nn.modules.loss.CrossEntropyLoss'>,False
1,RNN,300,1.7420140602410477,2.134418294270833,0.5673190984578885,0.6373333333333333,0.967193841934204,34.302693128585815,10,0.001,512,0,<class 'models.RNN'>,<class 'torch.optim.adam.Adam'>,<class 'torch.nn.modules.loss.CrossEntropyLoss'>,False
1,RNN,300,1.7182351289977664,2.102462239583333,0.5860023724792408,0.6533333333333333,0.99552321434021,35.33721709251404,10,0.001,512,0,<class 'models.RNN'>,<class 'torch.optim.adam.Adam'>,<class 'torch.nn.modules.loss.CrossEntropyLoss'>,False
1,RNN,300,1.6946768981281972,2.0709269205729166,0.608244365361803,0.6693333333333333,0.9577369689941406,36.334954023361206,10,0.001,512,0,<class 'models.RNN'>,<class 'torch.optim.adam.Adam'>,<class 'torch.nn.modules.loss.CrossEntropyLoss'>,False
1,RNN,300,1.6714437898791985,2.0399423828125,0.6195136417556346,0.6826666666666666,0.9670910835266112,37.34104561805725,10,0.001,512,0,<class 'models.RNN'>,<class 'torch.optim.adam.Adam'>,<class 'torch.nn.modules.loss.CrossEntropyLoss'>,False
1,RNN,300,1.648679921069886,2.0096534830729165,0.6257413997627521,0.6826666666666666,0.978111982345581,38.36215758323669,10,0.001,512,0,<class 'models.RNN'>,<class 'torch.optim.adam.Adam'>,<class 'torch.nn.modules.loss.CrossEntropyLoss'>,False
1,RNN,300,1.6265133352042094,1.9801728515625,0.6340450771055753,0.688,0.943030834197998,39.34471940994263,10,0.001,512,0,<class 'models.RNN'>,<class 'torch.optim.adam.Adam'>,<class 'torch.nn.modules.loss.CrossEntropyLoss'>,False
1,RNN,300,1.605023312823204,1.9515831705729167,0.645017793594306,0.6906666666666667,0.9472866058349608,40.333006620407104,10,0.001,512,0,<class 'models.RNN'>,<class 'torch.optim.adam.Adam'>,<class 'torch.nn.modules.loss.CrossEntropyLoss'>,False
1,RNN,300,1.5842548157679512,1.9239396158854167,0.6512455516014235,0.7013333333333334,1.030980348587036,41.40198802947998,10,0.001,512,0,<class 'models.RNN'>,<class 'torch.optim.adam.Adam'>,<class 'torch.nn.modules.loss.CrossEntropyLoss'>,False
1,RNN,300,1.5642351940150503,1.897264811197917,0.6562870699881376,0.704,1.004791021347046,42.4457790851593,10,0.001,512,0,<class 'models.RNN'>,<class 'torch.optim.adam.Adam'>,<class 'torch.nn.modules.loss.CrossEntropyLoss'>,False
1,RNN,300,1.5449709637733542,1.871548177083333,0.6595492289442467,0.7093333333333334,0.9340801239013672,43.41785883903504,10,0.001,512,0,<class 'models.RNN'>,<class 'torch.optim.adam.Adam'>,<class 'torch.nn.modules.loss.CrossEntropyLoss'>,False
1,RNN,300,1.5264447484859227,1.8467556966145835,0.6663701067615658,0.7093333333333334,0.9545202255249025,44.412378549575806,10,0.001,512,0,<class 'models.RNN'>,<class 'torch.optim.adam.Adam'>,<class 'torch.nn.modules.loss.CrossEntropyLoss'>,False
1,RNN,300,1.508622519062083,1.8228390299479167,0.6702253855278766,0.7146666666666667,0.946662664413452,45.399040937423706,10,0.001,512,0,<class 'models.RNN'>,<class 'torch.optim.adam.Adam'>,<class 'torch.nn.modules.loss.CrossEntropyLoss'>,False
1,RNN,300,1.4914643094208742,1.7997421875,0.6758600237247924,0.72,1.0080254077911377,46.44706630706787,10,0.001,512,0,<class 'models.RNN'>,<class 'torch.optim.adam.Adam'>,<class 'torch.nn.modules.loss.CrossEntropyLoss'>,False
1,RNN,300,1.4749283072221604,1.7774034830729166,0.6785290628706999,0.72,0.9793343544006348,47.46639776229858,10,0.001,512,0,<class 'models.RNN'>,<class 'torch.optim.adam.Adam'>,<class 'torch.nn.modules.loss.CrossEntropyLoss'>,False
1,RNN,300,1.4589698945358838,1.75576171875,0.6814946619217082,0.72,0.9653525352478028,48.47174906730652,10,0.001,512,0,<class 'models.RNN'>,<class 'torch.optim.adam.Adam'>,<class 'torch.nn.modules.loss.CrossEntropyLoss'>,False
1,RNN,300,1.4435446344377874,1.7347587890625,0.6847568208778173,0.72,0.9509096145629884,49.46065831184387,10,0.001,512,0,<class 'models.RNN'>,<class 'torch.optim.adam.Adam'>,<class 'torch.nn.modules.loss.CrossEntropyLoss'>,False
1,RNN,300,1.4286114929126816,1.7143430989583333,0.6886120996441281,0.736,0.9437415599822998,50.45039963722229,10,0.001,512,0,<class 'models.RNN'>,<class 'torch.optim.adam.Adam'>,<class 'torch.nn.modules.loss.CrossEntropyLoss'>,False
1,RNN,300,1.4141345403089784,1.69446826171875,0.6912811387900356,0.7413333333333333,0.9825785160064696,51.47497797012329,10,0.001,512,0,<class 'models.RNN'>,<class 'torch.optim.adam.Adam'>,<class 'torch.nn.modules.loss.CrossEntropyLoss'>,False
1,RNN,300,1.4000833133502928,1.6750999348958333,0.693950177935943,0.744,0.9800090789794922,52.49798583984375,10,0.001,512,0,<class 'models.RNN'>,<class 'torch.optim.adam.Adam'>,<class 'torch.nn.modules.loss.CrossEntropyLoss'>,False
1,RNN,300,1.3864339916731538,1.656216796875,0.6960260972716489,0.744,1.02571439743042,53.56769800186157,10,0.001,512,0,<class 'models.RNN'>,<class 'torch.optim.adam.Adam'>,<class 'torch.nn.modules.loss.CrossEntropyLoss'>,False
1,RNN,300,1.3731699046432475,1.637811848958333,0.699288256227758,0.7493333333333333,0.9630062580108644,54.57926177978516,10,0.001,512,0,<class 'models.RNN'>,<class 'torch.optim.adam.Adam'>,<class 'torch.nn.modules.loss.CrossEntropyLoss'>,False
1,RNN,300,1.360282173926013,1.6198898111979168,0.702846975088968,0.7493333333333333,0.912264347076416,55.53052735328674,10,0.001,512,0,<class 'models.RNN'>,<class 'torch.optim.adam.Adam'>,<class 'torch.nn.modules.loss.CrossEntropyLoss'>,False
1,RNN,300,1.3477664282313446,1.6024612630208332,0.7064056939501779,0.7573333333333333,0.9382114410400392,56.506739139556885,10,0.001,512,0,<class 'models.RNN'>,<class 'torch.optim.adam.Adam'>,<class 'torch.nn.modules.loss.CrossEntropyLoss'>,False
1,RNN,300,1.3356192103484348,1.5855314127604168,0.7084816132858838,0.7573333333333333,0.903834104537964,57.44957399368286,10,0.001,512,0,<class 'models.RNN'>,<class 'torch.optim.adam.Adam'>,<class 'torch.nn.modules.loss.CrossEntropyLoss'>,False
1,RNN,300,1.323833361497836,1.5690940755208334,0.7102609727164887,0.7573333333333333,1.00480318069458,58.493377447128296,10,0.001,512,0,<class 'models.RNN'>,<class 'torch.optim.adam.Adam'>,<class 'torch.nn.modules.loss.CrossEntropyLoss'>,False
1,RNN,300,1.3123959307144546,1.5531315104166667,0.7120403321470937,0.7626666666666667,0.9006726741790771,59.43404746055603,10,0.001,512,0,<class 'models.RNN'>,<class 'torch.optim.adam.Adam'>,<class 'torch.nn.modules.loss.CrossEntropyLoss'>,False
1,RNN,300,1.3012893332846789,1.5376180013020833,0.7141162514827996,0.7706666666666667,0.9862160682678224,60.46026349067688,10,0.001,512,0,<class 'models.RNN'>,<class 'torch.optim.adam.Adam'>,<class 'torch.nn.modules.loss.CrossEntropyLoss'>,False
1,RNN,300,1.2904940296322425,1.5225263671875,0.7147093712930012,0.7733333333333333,0.9257466793060304,61.42501020431519,10,0.001,512,0,<class 'models.RNN'>,<class 'torch.optim.adam.Adam'>,<class 'torch.nn.modules.loss.CrossEntropyLoss'>,False
1,RNN,300,1.279990941745672,1.5078310546875,0.7161921708185054,0.776,0.913172960281372,62.37618041038513,10,0.001,512,0,<class 'models.RNN'>,<class 'torch.optim.adam.Adam'>,<class 'torch.nn.modules.loss.CrossEntropyLoss'>,False
1,RNN,300,1.2697613717256775,1.4935086263020834,0.716785290628707,0.776,0.8930072784423828,63.30818796157837,10,0.001,512,0,<class 'models.RNN'>,<class 'torch.optim.adam.Adam'>,<class 'torch.nn.modules.loss.CrossEntropyLoss'>,False
1,RNN,300,1.2597873728470446,1.4795359700520834,0.7182680901542111,0.7786666666666666,0.9840822219848632,64.3302698135376,10,0.001,512,0,<class 'models.RNN'>,<class 'torch.optim.adam.Adam'>,<class 'torch.nn.modules.loss.CrossEntropyLoss'>,False
1,RNN,300,1.2500518038603758,1.465892252604167,0.7191577698695136,0.7786666666666666,0.8870711326599121,65.25534081459045,10,0.001,512,0,<class 'models.RNN'>,<class 'torch.optim.adam.Adam'>,<class 'torch.nn.modules.loss.CrossEntropyLoss'>,False
1,RNN,300,1.240539071115876,1.4525576171875,0.7209371293001187,0.7813333333333333,0.927820920944214,66.22116255760193,10,0.001,512,0,<class 'models.RNN'>,<class 'torch.optim.adam.Adam'>,<class 'torch.nn.modules.loss.CrossEntropyLoss'>,False
1,RNN,300,1.2312359159385888,1.4395146484375,0.7224199288256228,0.7813333333333333,0.9348137378692628,67.19497489929199,10,0.001,512,0,<class 'models.RNN'>,<class 'torch.optim.adam.Adam'>,<class 'torch.nn.modules.loss.CrossEntropyLoss'>,False
1,RNN,300,1.2221306272531602,1.4267477213541666,0.7227164887307236,0.7786666666666666,0.9470505714416504,68.18302512168884,10,0.001,512,0,<class 'models.RNN'>,<class 'torch.optim.adam.Adam'>,<class 'torch.nn.modules.loss.CrossEntropyLoss'>,False
1,RNN,300,1.2132129420306477,1.4142434895833331,0.7227164887307236,0.7786666666666666,0.958174467086792,69.18019938468933,10,0.001,512,0,<class 'models.RNN'>,<class 'torch.optim.adam.Adam'>,<class 'torch.nn.modules.loss.CrossEntropyLoss'>,False
1,RNN,300,1.2044735565728564,1.4019892578125,0.7241992882562278,0.7786666666666666,1.0550341606140137,70.27523422241211,10,0.001,512,0,<class 'models.RNN'>,<class 'torch.optim.adam.Adam'>,<class 'torch.nn.modules.loss.CrossEntropyLoss'>,False
1,RNN,300,1.19590418081408,1.3899728190104166,0.7247924080664294,0.784,0.9698917865753174,71.28412580490112,10,0.001,512,0,<class 'models.RNN'>,<class 'torch.optim.adam.Adam'>,<class 'torch.nn.modules.loss.CrossEntropyLoss'>,False
1,RNN,300,1.1874966966441234,1.3781844075520833,0.7256820877817319,0.784,1.0120553970336914,72.3371810913086,10,0.001,512,0,<class 'models.RNN'>,<class 'torch.optim.adam.Adam'>,<class 'torch.nn.modules.loss.CrossEntropyLoss'>,False
1,RNN,300,1.179244189641371,1.3666139322916666,0.7265717674970344,0.784,1.0172927379608154,73.39647483825684,10,0.001,512,0,<class 'models.RNN'>,<class 'torch.optim.adam.Adam'>,<class 'torch.nn.modules.loss.CrossEntropyLoss'>,False
1,RNN,300,1.171140351753642,1.355254150390625,0.7274614472123369,0.784,0.994009017944336,74.42848443984985,10,0.001,512,0,<class 'models.RNN'>,<class 'torch.optim.adam.Adam'>,<class 'torch.nn.modules.loss.CrossEntropyLoss'>,False
1,RNN,300,1.1631794541473208,1.3440982259114584,0.7277580071174378,0.7893333333333333,1.2981724739074707,75.76765513420105,10,0.001,512,0,<class 'models.RNN'>,<class 'torch.optim.adam.Adam'>,<class 'torch.nn.modules.loss.CrossEntropyLoss'>,False
1,RNN,300,1.1553565734646074,1.3331411946614584,0.7283511269276394,0.792,1.108860731124878,76.92851662635803,10,0.001,512,0,<class 'models.RNN'>,<class 'torch.optim.adam.Adam'>,<class 'torch.nn.modules.loss.CrossEntropyLoss'>,False
1,RNN,300,1.1476663157326188,1.322377685546875,0.7280545670225386,0.792,1.0603084564208984,78.02782225608826,10,0.001,512,0,<class 'models.RNN'>,<class 'torch.optim.adam.Adam'>,<class 'torch.nn.modules.loss.CrossEntropyLoss'>,False
1,RNN,300,1.140103341280212,1.3118016764322915,0.7277580071174378,0.792,1.0806243419647217,79.14944648742676,10,0.001,512,0,<class 'models.RNN'>,<class 'torch.optim.adam.Adam'>,<class 'torch.nn.modules.loss.CrossEntropyLoss'>,False
1,RNN,300,1.1326619303240613,1.3014066569010416,0.7295373665480427,0.792,1.003856897354126,80.19530272483826,10,0.001,512,0,<class 'models.RNN'>,<class 'torch.optim.adam.Adam'>,<class 'torch.nn.modules.loss.CrossEntropyLoss'>,False
1,RNN,300,1.125337050902886,1.291185302734375,0.7313167259786477,0.792,1.144392967224121,81.38269519805908,10,0.001,512,0,<class 'models.RNN'>,<class 'torch.optim.adam.Adam'>,<class 'torch.nn.modules.loss.CrossEntropyLoss'>,False
1,RNN,300,1.1181236167536652,1.2811299641927083,0.7313167259786477,0.7946666666666666,0.9619708061218262,82.38466668128967,10,0.001,512,0,<class 'models.RNN'>,<class 'torch.optim.adam.Adam'>,<class 'torch.nn.modules.loss.CrossEntropyLoss'>,False
1,RNN,300,1.1110174013909355,1.2712329915364584,0.7327995255041518,0.7946666666666666,0.9417433738708496,83.3654100894928,10,0.001,512,0,<class 'models.RNN'>,<class 'torch.optim.adam.Adam'>,<class 'torch.nn.modules.loss.CrossEntropyLoss'>,False
1,RNN,300,1.104014223580683,1.2614871419270834,0.7351720047449585,0.7973333333333333,0.9501941204071044,84.35460257530212,10,0.001,512,0,<class 'models.RNN'>,<class 'torch.optim.adam.Adam'>,<class 'torch.nn.modules.loss.CrossEntropyLoss'>,False
1,RNN,300,1.097110046893535,1.251886474609375,0.7363582443653618,0.7973333333333333,0.9414660930633544,85.33306813240051,10,0.001,512,0,<class 'models.RNN'>,<class 'torch.optim.adam.Adam'>,<class 'torch.nn.modules.loss.CrossEntropyLoss'>,False
1,RNN,300,1.090301269314043,1.2424254557291667,0.7375444839857651,0.7973333333333333,0.9557323455810548,86.33069324493408,10,0.001,512,0,<class 'models.RNN'>,<class 'torch.optim.adam.Adam'>,<class 'torch.nn.modules.loss.CrossEntropyLoss'>,False
1,RNN,300,1.0835841892735671,1.2330995279947916,0.7387307236061684,0.8,1.00500750541687,87.37570309638977,10,0.001,512,0,<class 'models.RNN'>,<class 'torch.optim.adam.Adam'>,<class 'torch.nn.modules.loss.CrossEntropyLoss'>,False
1,RNN,300,1.0769557930255134,1.2239051106770833,0.7396204033214709,0.8,0.957639217376709,88.37334036827087,10,0.001,512,0,<class 'models.RNN'>,<class 'torch.optim.adam.Adam'>,<class 'torch.nn.modules.loss.CrossEntropyLoss'>,False
1,RNN,300,1.070412885817486,1.2148385416666667,0.741399762752076,0.8,0.9209113121032716,89.33725261688232,10,0.001,512,0,<class 'models.RNN'>,<class 'torch.optim.adam.Adam'>,<class 'torch.nn.modules.loss.CrossEntropyLoss'>,False
1,RNN,300,1.0639529607191347,1.205897216796875,0.7422894424673784,0.8026666666666666,0.97369122505188,90.34994459152222,10,0.001,512,0,<class 'models.RNN'>,<class 'torch.optim.adam.Adam'>,<class 'torch.nn.modules.loss.CrossEntropyLoss'>,False
1,RNN,300,1.05757356510185,1.197079345703125,0.7443653618030842,0.8053333333333333,0.941253900527954,91.33119821548462,10,0.001,512,0,<class 'models.RNN'>,<class 'torch.optim.adam.Adam'>,<class 'torch.nn.modules.loss.CrossEntropyLoss'>,False
1,RNN,300,1.051272373041083,1.1883828125,0.7458481613285883,0.8053333333333333,0.989154577255249,92.359352350235,10,0.001,512,0,<class 'models.RNN'>,<class 'torch.optim.adam.Adam'>,<class 'torch.nn.modules.loss.CrossEntropyLoss'>,False
1,RNN,300,1.045047185316346,1.1798064778645834,0.74644128113879,0.8053333333333333,0.9641375541687012,93.3674886226654,10,0.001,512,0,<class 'models.RNN'>,<class 'torch.optim.adam.Adam'>,<class 'torch.nn.modules.loss.CrossEntropyLoss'>,False
1,RNN,300,1.038896200919915,1.1713496907552083,0.7476275207591934,0.8053333333333333,0.9775283336639404,94.38301682472228,10,0.001,512,0,<class 'models.RNN'>,<class 'torch.optim.adam.Adam'>,<class 'torch.nn.modules.loss.CrossEntropyLoss'>,False
1,RNN,300,1.032817338285073,1.16301123046875,0.7485172004744959,0.8106666666666666,0.9555494785308838,95.37956500053406,10,0.001,512,0,<class 'models.RNN'>,<class 'torch.optim.adam.Adam'>,<class 'torch.nn.modules.loss.CrossEntropyLoss'>,False
1,RNN,300,1.026808760202935,1.1547910970052084,0.7491103202846975,0.8133333333333334,0.961984395980835,96.38258385658264,10,0.001,512,0,<class 'models.RNN'>,<class 'torch.optim.adam.Adam'>,<class 'torch.nn.modules.loss.CrossEntropyLoss'>,False
1,RNN,300,1.0208687109172274,1.1466886393229168,0.7508896797153025,0.8133333333333334,0.9555509090423584,97.3781352043152,10,0.001,512,0,<class 'models.RNN'>,<class 'torch.optim.adam.Adam'>,<class 'torch.nn.modules.loss.CrossEntropyLoss'>,False
1,RNN,300,1.0149952717664543,1.1387027994791667,0.7520759193357058,0.8133333333333334,0.9555156230926514,98.37265062332152,10,0.001,512,0,<class 'models.RNN'>,<class 'torch.optim.adam.Adam'>,<class 'torch.nn.modules.loss.CrossEntropyLoss'>,False
1,RNN,300,1.0091867231955025,1.1308336588541668,0.7541518386714117,0.816,0.9645628929138184,99.38078284263612,10,0.001,512,0,<class 'models.RNN'>,<class 'torch.optim.adam.Adam'>,<class 'torch.nn.modules.loss.CrossEntropyLoss'>,False
1,RNN,300,1.0034412189451969,1.1230799967447918,0.7547449584816133,0.816,0.9460084438323976,100.36679124832152,10,0.001,512,0,<class 'models.RNN'>,<class 'torch.optim.adam.Adam'>,<class 'torch.nn.modules.loss.CrossEntropyLoss'>,False
1,RNN,300,0.9977570666112934,1.1154413248697916,0.7559311981020166,0.8186666666666667,0.9595952033996582,101.36738634109496,10,0.001,512,0,<class 'models.RNN'>,<class 'torch.optim.adam.Adam'>,<class 'torch.nn.modules.loss.CrossEntropyLoss'>,False
1,RNN,300,0.9921325194878086,1.1079164225260416,0.7574139976275207,0.8213333333333334,0.9965720176696776,102.40495991706848,10,0.001,512,0,<class 'models.RNN'>,<class 'torch.optim.adam.Adam'>,<class 'torch.nn.modules.loss.CrossEntropyLoss'>,False
1,RNN,300,0.9865659847236896,1.1005043131510417,0.7597864768683275,0.8213333333333334,0.9540746212005616,103.39854907989502,10,0.001,512,0,<class 'models.RNN'>,<class 'torch.optim.adam.Adam'>,<class 'torch.nn.modules.loss.CrossEntropyLoss'>,False
1,RNN,300,0.981055806115853,1.0932041829427084,0.7618623962040332,0.8266666666666667,1.0643763542175293,104.50144720077516,10,0.001,512,0,<class 'models.RNN'>,<class 'torch.optim.adam.Adam'>,<class 'torch.nn.modules.loss.CrossEntropyLoss'>,False
1,RNN,300,0.9756006804225285,1.0860152180989584,0.7636417556346382,0.8293333333333334,0.969520092010498,105.50996661186218,10,0.001,512,0,<class 'models.RNN'>,<class 'torch.optim.adam.Adam'>,<class 'torch.nn.modules.loss.CrossEntropyLoss'>,False
1,RNN,300,0.9701991233961438,1.0789361979166667,0.763938315539739,0.8293333333333334,0.9543349742889404,106.50429964065552,10,0.001,512,0,<class 'models.RNN'>,<class 'torch.optim.adam.Adam'>,<class 'torch.nn.modules.loss.CrossEntropyLoss'>,False
1,RNN,300,0.9648501757059516,1.0719671223958334,0.7660142348754448,0.8293333333333334,0.9395110607147216,107.48480796813963,10,0.001,512,0,<class 'models.RNN'>,<class 'torch.optim.adam.Adam'>,<class 'torch.nn.modules.loss.CrossEntropyLoss'>,False
1,RNN,300,0.9595527332165628,1.065107096354167,0.7677935943060499,0.8346666666666667,0.957277774810791,108.48208522796632,10,0.001,512,0,<class 'models.RNN'>,<class 'torch.optim.adam.Adam'>,<class 'torch.nn.modules.loss.CrossEntropyLoss'>,False
1,RNN,300,0.9543060085527412,1.0583565266927084,0.7677935943060499,0.8346666666666667,1.0595643520355225,109.57964992523192,10,0.001,512,0,<class 'models.RNN'>,<class 'torch.optim.adam.Adam'>,<class 'torch.nn.modules.loss.CrossEntropyLoss'>,False
1,RNN,300,0.949109368194182,1.0517152506510417,0.769276393831554,0.8373333333333334,0.963282346725464,110.58592176437378,10,0.001,512,0,<class 'models.RNN'>,<class 'torch.optim.adam.Adam'>,<class 'torch.nn.modules.loss.CrossEntropyLoss'>,False
1,RNN,300,0.9439624591795716,1.0451831868489585,0.7701660735468565,0.8373333333333334,0.9510443210601808,111.57442903518675,10,0.001,512,0,<class 'models.RNN'>,<class 'torch.optim.adam.Adam'>,<class 'torch.nn.modules.loss.CrossEntropyLoss'>,False
1,RNN,300,0.9388648561452771,1.0387607421875,0.7719454329774614,0.84,0.9190676212310792,112.53249716758728,10,0.001,512,0,<class 'models.RNN'>,<class 'torch.optim.adam.Adam'>,<class 'torch.nn.modules.loss.CrossEntropyLoss'>,False
1,RNN,300,0.9338166767450696,1.032447998046875,0.7731316725978647,0.84,0.9573841094970704,113.53388118743896,10,0.001,512,0,<class 'models.RNN'>,<class 'torch.optim.adam.Adam'>,<class 'torch.nn.modules.loss.CrossEntropyLoss'>,False
1,RNN,300,0.9288178485766284,1.0262445475260418,0.7746144721233689,0.84,0.9421231746673584,114.51655912399292,10,0.001,512,0,<class 'models.RNN'>,<class 'torch.optim.adam.Adam'>,<class 'torch.nn.modules.loss.CrossEntropyLoss'>,False
1,RNN,300,0.9238683535393728,1.02014990234375,0.7755041518386714,0.84,1.039067268371582,115.594740152359,10,0.001,512,0,<class 'models.RNN'>,<class 'torch.optim.adam.Adam'>,<class 'torch.nn.modules.loss.CrossEntropyLoss'>,False
1,RNN,300,0.9189684178905556,1.014163330078125,0.7769869513641756,0.8426666666666667,0.9531545639038086,116.59189248085022,10,0.001,512,0,<class 'models.RNN'>,<class 'torch.optim.adam.Adam'>,<class 'torch.nn.modules.loss.CrossEntropyLoss'>,False
1,RNN,300,0.9141182497868476,1.008283203125,0.7769869513641756,0.8426666666666667,0.940007209777832,117.57355260849,10,0.001,512,0,<class 'models.RNN'>,<class 'torch.optim.adam.Adam'>,<class 'torch.nn.modules.loss.CrossEntropyLoss'>,False
1,RNN,300,0.9093177768259286,1.0025078125,0.7784697508896797,0.848,0.9475228786468506,118.56107592582704,10,0.001,512,0,<class 'models.RNN'>,<class 'torch.optim.adam.Adam'>,<class 'torch.nn.modules.loss.CrossEntropyLoss'>,False
1,RNN,300,0.9045669899575084,0.9968346354166666,0.781435349940688,0.8453333333333334,0.9495406150817872,119.55061674118042,10,0.001,512,0,<class 'models.RNN'>,<class 'torch.optim.adam.Adam'>,<class 'torch.nn.modules.loss.CrossEntropyLoss'>,False
1,RNN,300,0.8998656810249157,0.9912611490885416,0.7826215895610913,0.8453333333333334,0.9513280391693116,120.54194498062134,10,0.001,512,0,<class 'models.RNN'>,<class 'torch.optim.adam.Adam'>,<class 'torch.nn.modules.loss.CrossEntropyLoss'>,False
1,RNN,300,0.8952134065639364,0.9857843424479168,0.7835112692763938,0.8453333333333334,1.0857939720153809,121.66874265670776,10,0.001,512,0,<class 'models.RNN'>,<class 'torch.optim.adam.Adam'>,<class 'torch.nn.modules.loss.CrossEntropyLoss'>,False
1,RNN,300,0.890609922216739,0.9804007975260416,0.7841043890865955,0.8426666666666667,0.935781478881836,122.6445245742798,10,0.001,512,0,<class 'models.RNN'>,<class 'torch.optim.adam.Adam'>,<class 'torch.nn.modules.loss.CrossEntropyLoss'>,False
1,RNN,300,0.8860542505519953,0.9751073404947916,0.7846975088967971,0.8453333333333334,0.9976656436920166,123.68218874931335,10,0.001,512,0,<class 'models.RNN'>,<class 'torch.optim.adam.Adam'>,<class 'torch.nn.modules.loss.CrossEntropyLoss'>,False
1,RNN,300,0.8815457852002706,0.9699005533854168,0.7855871886120996,0.8453333333333334,0.9516258239746094,124.67381501197816,10,0.001,512,0,<class 'models.RNN'>,<class 'torch.optim.adam.Adam'>,<class 'torch.nn.modules.loss.CrossEntropyLoss'>,False
1,RNN,300,0.877083539679947,0.96477685546875,0.7861803084223014,0.8453333333333334,0.9451088905334472,125.65792441368104,10,0.001,512,0,<class 'models.RNN'>,<class 'torch.optim.adam.Adam'>,<class 'torch.nn.modules.loss.CrossEntropyLoss'>,False
1,RNN,300,0.8726664189059257,0.9597329915364584,0.7876631079478055,0.8453333333333334,1.0393404960632324,126.7372658252716,10,0.001,512,0,<class 'models.RNN'>,<class 'torch.optim.adam.Adam'>,<class 'torch.nn.modules.loss.CrossEntropyLoss'>,False
1,RNN,300,0.8682934363965886,0.9547657063802084,0.7897390272835113,0.8453333333333334,0.9695696830749512,127.7458357810974,10,0.001,512,0,<class 'models.RNN'>,<class 'torch.optim.adam.Adam'>,<class 'torch.nn.modules.loss.CrossEntropyLoss'>,False
1,RNN,300,0.8639633613124861,0.9498719075520832,0.7903321470937129,0.8453333333333334,0.9350299835205078,128.7198669910431,10,0.001,512,0,<class 'models.RNN'>,<class 'torch.optim.adam.Adam'>,<class 'torch.nn.modules.loss.CrossEntropyLoss'>,False
1,RNN,300,0.8596751166690993,0.9450482584635416,0.7909252669039146,0.8453333333333334,0.9325027465820312,129.69436931610107,10,0.001,512,0,<class 'models.RNN'>,<class 'torch.optim.adam.Adam'>,<class 'torch.nn.modules.loss.CrossEntropyLoss'>,False
1,RNN,300,0.8554274263755283,0.9402919921875,0.7906287069988137,0.848,0.9376120567321776,130.6742718219757,10,0.001,512,0,<class 'models.RNN'>,<class 'torch.optim.adam.Adam'>,<class 'torch.nn.modules.loss.CrossEntropyLoss'>,False
1,RNN,300,0.8512191772460938,0.9356004231770834,0.7921115065243179,0.848,0.9232110977172852,131.6364824771881,10,0.001,512,0,<class 'models.RNN'>,<class 'torch.optim.adam.Adam'>,<class 'torch.nn.modules.loss.CrossEntropyLoss'>,False
1,RNN,300,0.8470491655922162,0.9309708658854168,0.791814946619217,0.848,1.0771989822387695,132.75468468666077,10,0.001,512,0,<class 'models.RNN'>,<class 'torch.optim.adam.Adam'>,<class 'torch.nn.modules.loss.CrossEntropyLoss'>,False
1,RNN,300,0.8429164139825679,0.9264003092447916,0.7921115065243179,0.848,0.952601432800293,133.74728751182556,10,0.001,512,0,<class 'models.RNN'>,<class 'torch.optim.adam.Adam'>,<class 'torch.nn.modules.loss.CrossEntropyLoss'>,False
1,RNN,300,0.8388196915776986,0.9218865559895834,0.7924080664294187,0.848,0.9337425231933594,134.7220275402069,10,0.001,512,0,<class 'models.RNN'>,<class 'torch.optim.adam.Adam'>,<class 'torch.nn.modules.loss.CrossEntropyLoss'>,False
1,RNN,300,0.8347580571474412,0.9174270833333332,0.7927046263345195,0.848,0.940110445022583,135.70213842391968,10,0.001,512,0,<class 'models.RNN'>,<class 'torch.optim.adam.Adam'>,<class 'torch.nn.modules.loss.CrossEntropyLoss'>,False
1,RNN,300,0.8307306418639485,0.913019287109375,0.7941874258600238,0.848,0.9490132331848145,136.692152261734,10,0.001,512,0,<class 'models.RNN'>,<class 'torch.optim.adam.Adam'>,<class 'torch.nn.modules.loss.CrossEntropyLoss'>,False
1,RNN,300,0.8267362420386408,0.9086611328125,0.7947805456702254,0.8506666666666667,1.0378313064575195,137.76898384094238,10,0.001,512,0,<class 'models.RNN'>,<class 'torch.optim.adam.Adam'>,<class 'torch.nn.modules.loss.CrossEntropyLoss'>,False
1,RNN,300,0.8227743870564345,0.9043501790364584,0.7959667852906287,0.8506666666666667,1.0081098079681396,138.82009148597717,10,0.001,512,0,<class 'models.RNN'>,<class 'torch.optim.adam.Adam'>,<class 'torch.nn.modules.loss.CrossEntropyLoss'>,False
1,RNN,300,0.818844045184261,0.9000843098958333,0.7962633451957295,0.8506666666666667,0.9730989933013916,139.83219075202942,10,0.001,512,0,<class 'models.RNN'>,<class 'torch.optim.adam.Adam'>,<class 'torch.nn.modules.loss.CrossEntropyLoss'>,False
1,RNN,300,0.8149445376503651,0.8958611653645834,0.7956702253855279,0.8506666666666667,1.0332365036010742,140.90842723846436,10,0.001,512,0,<class 'models.RNN'>,<class 'torch.optim.adam.Adam'>,<class 'torch.nn.modules.loss.CrossEntropyLoss'>,False
1,RNN,300,0.8110752852361821,0.891678466796875,0.7965599051008304,0.8506666666666667,0.9914402961730956,141.93986535072327,10,0.001,512,0,<class 'models.RNN'>,<class 'torch.optim.adam.Adam'>,<class 'torch.nn.modules.loss.CrossEntropyLoss'>,False
1,RNN,300,0.8072354915161857,0.8875342610677084,0.7974495848161328,0.8506666666666667,0.9700558185577391,142.9509220123291,10,0.001,512,0,<class 'models.RNN'>,<class 'torch.optim.adam.Adam'>,<class 'torch.nn.modules.loss.CrossEntropyLoss'>,False
1,RNN,300,0.8034247401770324,0.8834259440104166,0.7980427046263345,0.8506666666666667,1.0785727500915527,144.07149529457092,10,0.001,512,0,<class 'models.RNN'>,<class 'torch.optim.adam.Adam'>,<class 'torch.nn.modules.loss.CrossEntropyLoss'>,False
1,RNN,300,0.7996423162458065,0.879351806640625,0.7998220640569395,0.8506666666666667,0.9672729969024658,145.07889556884766,10,0.001,512,0,<class 'models.RNN'>,<class 'torch.optim.adam.Adam'>,<class 'torch.nn.modules.loss.CrossEntropyLoss'>,False
1,RNN,300,0.7958876676548136,0.8753092447916667,0.8001186239620404,0.8506666666666667,0.9170067310333252,146.03490233421326,10,0.001,512,0,<class 'models.RNN'>,<class 'torch.optim.adam.Adam'>,<class 'torch.nn.modules.loss.CrossEntropyLoss'>,False
1,RNN,300,0.7921603147386798,0.8712960611979167,0.7998220640569395,0.8506666666666667,0.950840950012207,147.02574348449707,10,0.001,512,0,<class 'models.RNN'>,<class 'torch.optim.adam.Adam'>,<class 'torch.nn.modules.loss.CrossEntropyLoss'>,False
1,RNN,300,0.7884595063233291,0.8673101399739583,0.7995255041518387,0.8506666666666667,0.9962358474731444,148.06532073020935,10,0.001,512,0,<class 'models.RNN'>,<class 'torch.optim.adam.Adam'>,<class 'torch.nn.modules.loss.CrossEntropyLoss'>,False
1,RNN,300,0.7847846269890365,0.8633492838541666,0.8004151838671412,0.8533333333333334,1.0321807861328125,149.13850164413452,10,0.001,512,0,<class 'models.RNN'>,<class 'torch.optim.adam.Adam'>,<class 'torch.nn.modules.loss.CrossEntropyLoss'>,False
1,RNN,300,0.7811346993044743,0.8594112955729166,0.8013048635824437,0.8533333333333334,1.002697229385376,150.1932017803192,10,0.001,512,0,<class 'models.RNN'>,<class 'torch.optim.adam.Adam'>,<class 'torch.nn.modules.loss.CrossEntropyLoss'>,False
1,RNN,300,0.7775086824862841,0.85549462890625,0.8010083036773428,0.8533333333333334,0.9742028713226318,151.20740485191345,10,0.001,512,0,<class 'models.RNN'>,<class 'torch.optim.adam.Adam'>,<class 'torch.nn.modules.loss.CrossEntropyLoss'>,False
1,RNN,300,0.7739056896060387,0.8515984700520833,0.8016014234875445,0.8533333333333334,0.9210193157196044,152.16842532157898,10,0.001,512,0,<class 'models.RNN'>,<class 'torch.optim.adam.Adam'>,<class 'torch.nn.modules.loss.CrossEntropyLoss'>,False
1,RNN,300,0.7703241278126853,0.8477242838541666,0.8018979833926453,0.8533333333333334,0.9255554676055908,153.1319785118103,10,0.001,512,0,<class 'models.RNN'>,<class 'torch.optim.adam.Adam'>,<class 'torch.nn.modules.loss.CrossEntropyLoss'>,False
1,RNN,300,0.766762983473736,0.8438765462239584,0.8021945432977462,0.8533333333333334,0.9830081462860109,154.15498638153076,10,0.001,512,0,<class 'models.RNN'>,<class 'torch.optim.adam.Adam'>,<class 'torch.nn.modules.loss.CrossEntropyLoss'>,False
1,RNN,300,0.7632220212816485,0.8400647786458333,0.8033807829181495,0.856,1.0812361240386963,155.2762222290039,10,0.001,512,0,<class 'models.RNN'>,<class 'torch.optim.adam.Adam'>,<class 'torch.nn.modules.loss.CrossEntropyLoss'>,False
1,RNN,300,0.7597019562093389,0.83630322265625,0.8039739027283511,0.856,1.0031955242156982,156.3294153213501,10,0.001,512,0,<class 'models.RNN'>,<class 'torch.optim.adam.Adam'>,<class 'torch.nn.modules.loss.CrossEntropyLoss'>,False
1,RNN,300,0.7562060735121033,0.8326070149739583,0.8042704626334519,0.856,1.0352983474731443,157.4167127609253,10,0.001,512,0,<class 'models.RNN'>,<class 'torch.optim.adam.Adam'>,<class 'torch.nn.modules.loss.CrossEntropyLoss'>,False
1,RNN,300,0.7527385453736655,0.828984619140625,0.8045670225385528,0.856,1.0660090446472168,158.53472137451172,10,0.001,512,0,<class 'models.RNN'>,<class 'torch.optim.adam.Adam'>,<class 'torch.nn.modules.loss.CrossEntropyLoss'>,False
1,RNN,300,0.7493042136992141,0.8254325358072917,0.8057532621589562,0.856,1.0862112045288086,159.68293356895447,10,0.001,512,0,<class 'models.RNN'>,<class 'torch.optim.adam.Adam'>,<class 'torch.nn.modules.loss.CrossEntropyLoss'>,False
1,RNN,300,0.7459063275428853,0.821937255859375,0.8057532621589562,0.856,1.103208065032959,160.83414435386658,10,0.001,512,0,<class 'models.RNN'>,<class 'torch.optim.adam.Adam'>,<class 'torch.nn.modules.loss.CrossEntropyLoss'>,False
1,RNN,300,0.7425467060129838,0.8184840494791666,0.8066429418742586,0.8586666666666667,1.0457861423492432,161.94092917442322,10,0.001,512,0,<class 'models.RNN'>,<class 'torch.optim.adam.Adam'>,<class 'torch.nn.modules.loss.CrossEntropyLoss'>,False
1,RNN,300,0.7392251228522576,0.815061767578125,0.8072360616844603,0.856,1.0304479598999023,163.02237582206726,10,0.001,512,0,<class 'models.RNN'>,<class 'torch.optim.adam.Adam'>,<class 'torch.nn.modules.loss.CrossEntropyLoss'>,False
1,RNN,300,0.7359397137009518,0.811663818359375,0.8081257413997628,0.856,1.1579513549804688,164.23032593727112,10,0.001,512,0,<class 'models.RNN'>,<class 'torch.optim.adam.Adam'>,<class 'torch.nn.modules.loss.CrossEntropyLoss'>,False
1,RNN,300,0.7326878041983499,0.80828759765625,0.8084223013048636,0.856,1.108064889907837,165.3853895664215,10,0.001,512,0,<class 'models.RNN'>,<class 'torch.optim.adam.Adam'>,<class 'torch.nn.modules.loss.CrossEntropyLoss'>,False
1,RNN,300,0.7294662086423465,0.8049334309895834,0.8093119810201661,0.856,1.2046284675598145,166.64301538467407,10,0.001,512,0,<class 'models.RNN'>,<class 'torch.optim.adam.Adam'>,<class 'torch.nn.modules.loss.CrossEntropyLoss'>,False
1,RNN,300,0.7262727142370186,0.8016019694010417,0.8104982206405694,0.856,1.1070740222930908,167.8130898475647,10,0.001,512,0,<class 'models.RNN'>,<class 'torch.optim.adam.Adam'>,<class 'torch.nn.modules.loss.CrossEntropyLoss'>,False
1,RNN,300,0.7231058322096493,0.7982948404947917,0.8107947805456702,0.856,1.1443300247192385,169.00842022895813,10,0.001,512,0,<class 'models.RNN'>,<class 'torch.optim.adam.Adam'>,<class 'torch.nn.modules.loss.CrossEntropyLoss'>,False
1,RNN,300,0.7199649426153688,0.795013427734375,0.8122775800711743,0.856,1.125549554824829,170.18737602233887,10,0.001,512,0,<class 'models.RNN'>,<class 'torch.optim.adam.Adam'>,<class 'torch.nn.modules.loss.CrossEntropyLoss'>,False
1,RNN,300,0.7168499911524364,0.7917591145833334,0.8131672597864769,0.856,0.9713621139526368,171.2157769203186,10,0.001,512,0,<class 'models.RNN'>,<class 'torch.optim.adam.Adam'>,<class 'torch.nn.modules.loss.CrossEntropyLoss'>,False
1,RNN,300,0.7137610275974478,0.7885326334635416,0.8137603795966786,0.856,1.0150094032287598,172.2737843990326,10,0.001,512,0,<class 'models.RNN'>,<class 'torch.optim.adam.Adam'>,<class 'torch.nn.modules.loss.CrossEntropyLoss'>,False
1,RNN,300,0.7106978799948913,0.7853350423177083,0.8143534994068802,0.856,1.031073808670044,173.34785652160645,10,0.001,512,0,<class 'models.RNN'>,<class 'torch.optim.adam.Adam'>,<class 'torch.nn.modules.loss.CrossEntropyLoss'>,False
1,RNN,300,0.7076604940430267,0.7821669108072916,0.814650059311981,0.856,0.9850120544433594,174.3775610923767,10,0.001,512,0,<class 'models.RNN'>,<class 'torch.optim.adam.Adam'>,<class 'torch.nn.modules.loss.CrossEntropyLoss'>,False
1,RNN,300,0.7046485213056861,0.7790279947916666,0.8149466192170819,0.856,0.9810609817504884,175.4026222229004,10,0.001,512,0,<class 'models.RNN'>,<class 'torch.optim.adam.Adam'>,<class 'torch.nn.modules.loss.CrossEntropyLoss'>,False
1,RNN,300,0.7016616133467017,0.7759182942708334,0.8167259786476868,0.8586666666666667,0.9658832550048828,176.41050720214844,10,0.001,512,0,<class 'models.RNN'>,<class 'torch.optim.adam.Adam'>,<class 'torch.nn.modules.loss.CrossEntropyLoss'>,False
1,RNN,300,0.6986993583778752,0.7728373209635416,0.8176156583629893,0.8586666666666667,0.975227117538452,177.42473435401917,10,0.001,512,0,<class 'models.RNN'>,<class 'torch.optim.adam.Adam'>,<class 'torch.nn.modules.loss.CrossEntropyLoss'>,False
1,RNN,300,0.695761426063619,0.769784912109375,0.8173190984578885,0.8613333333333333,1.076096773147583,178.5408318042755,10,0.001,512,0,<class 'models.RNN'>,<class 'torch.optim.adam.Adam'>,<class 'torch.nn.modules.loss.CrossEntropyLoss'>,False
1,RNN,300,0.692847553945521,0.7667603352864584,0.8182087781731909,0.8613333333333333,0.9819731712341307,179.5668065547943,10,0.001,512,0,<class 'models.RNN'>,<class 'torch.optim.adam.Adam'>,<class 'torch.nn.modules.loss.CrossEntropyLoss'>,False
1,RNN,300,0.6899572352073371,0.76376318359375,0.8188018979833926,0.8613333333333333,0.9555418491363524,180.56534838676453,10,0.001,512,0,<class 'models.RNN'>,<class 'torch.optim.adam.Adam'>,<class 'torch.nn.modules.loss.CrossEntropyLoss'>,False
1,RNN,300,0.6870902526421054,0.7607928873697917,0.8190984578884934,0.864,1.0648689270019531,181.67321872711184,10,0.001,512,0,<class 'models.RNN'>,<class 'torch.optim.adam.Adam'>,<class 'torch.nn.modules.loss.CrossEntropyLoss'>,False
1,RNN,300,0.6842462668639485,0.7578494466145833,0.8193950177935944,0.864,0.972745418548584,182.68796396255493,10,0.001,512,0,<class 'models.RNN'>,<class 'torch.optim.adam.Adam'>,<class 'torch.nn.modules.loss.CrossEntropyLoss'>,False
1,RNN,300,0.6814249701630037,0.754931884765625,0.8190984578884934,0.864,1.0058140754699707,183.733777999878,10,0.001,512,0,<class 'models.RNN'>,<class 'torch.optim.adam.Adam'>,<class 'torch.nn.modules.loss.CrossEntropyLoss'>,False
1,RNN,300,0.6786260050528131,0.752040283203125,0.819988137603796,0.864,1.0295679569244385,184.8063452243805,10,0.001,512,0,<class 'models.RNN'>,<class 'torch.optim.adam.Adam'>,<class 'torch.nn.modules.loss.CrossEntropyLoss'>,False
1,RNN,300,0.6758492222035907,0.7491739095052083,0.8208778173190985,0.8613333333333333,1.0434889793395996,185.89083170890808,10,0.001,512,0,<class 'models.RNN'>,<class 'torch.optim.adam.Adam'>,<class 'torch.nn.modules.loss.CrossEntropyLoss'>,False
1,RNN,300,0.6730940288213365,0.7463324381510417,0.8223606168446026,0.8613333333333333,1.066359519958496,186.9971899986267,10,0.001,512,0,<class 'models.RNN'>,<class 'torch.optim.adam.Adam'>,<class 'torch.nn.modules.loss.CrossEntropyLoss'>,False
1,RNN,300,0.6703605561352568,0.743515625,0.8226571767497034,0.864,1.0399389266967771,188.0801289081573,10,0.001,512,0,<class 'models.RNN'>,<class 'torch.optim.adam.Adam'>,<class 'torch.nn.modules.loss.CrossEntropyLoss'>,False
1,RNN,300,0.6676481525244662,0.7407230631510416,0.8232502965599051,0.8666666666666667,1.1277837753295898,189.2739133834839,10,0.001,512,0,<class 'models.RNN'>,<class 'torch.optim.adam.Adam'>,<class 'torch.nn.modules.loss.CrossEntropyLoss'>,False
1,RNN,300,0.6649567953632396,0.7379541829427083,0.8229537366548043,0.8666666666666667,1.03090500831604,190.34781765937805,10,0.001,512,0,<class 'models.RNN'>,<class 'torch.optim.adam.Adam'>,<class 'torch.nn.modules.loss.CrossEntropyLoss'>,False
1,RNN,300,0.6622859552096076,0.735208984375,0.8235468564650059,0.8666666666666667,0.9777789115905762,191.36559295654297,10,0.001,512,0,<class 'models.RNN'>,<class 'torch.optim.adam.Adam'>,<class 'torch.nn.modules.loss.CrossEntropyLoss'>,False
1,RNN,300,0.6596358130693718,0.7324867350260417,0.8241399762752076,0.8666666666666667,0.9414258003234864,192.34801602363584,10,0.001,512,0,<class 'models.RNN'>,<class 'torch.optim.adam.Adam'>,<class 'torch.nn.modules.loss.CrossEntropyLoss'>,False
1,RNN,300,0.657005834975418,0.729787353515625,0.82502965599051,0.8666666666666667,0.94685697555542,193.3348729610443,10,0.001,512,0,<class 'models.RNN'>,<class 'torch.optim.adam.Adam'>,<class 'torch.nn.modules.loss.CrossEntropyLoss'>,False
1,RNN,300,0.6543958263465094,0.727110595703125,0.8256227758007118,0.8666666666666667,0.9660098552703856,194.3428831100464,10,0.001,512,0,<class 'models.RNN'>,<class 'torch.optim.adam.Adam'>,<class 'torch.nn.modules.loss.CrossEntropyLoss'>,False
1,RNN,300,0.6518055654505394,0.7244560546875,0.8256227758007118,0.8693333333333333,0.9688105583190918,195.3536913394928,10,0.001,512,0,<class 'models.RNN'>,<class 'torch.optim.adam.Adam'>,<class 'torch.nn.modules.loss.CrossEntropyLoss'>,False
1,RNN,300,0.6492350341869277,0.7218232421875,0.8271055753262159,0.8746666666666667,0.966519832611084,196.36121082305908,10,0.001,512,0,<class 'models.RNN'>,<class 'torch.optim.adam.Adam'>,<class 'torch.nn.modules.loss.CrossEntropyLoss'>,False
1,RNN,300,0.6466837257394304,0.71921240234375,0.8279952550415184,0.872,0.9610443115234376,197.36025476455688,10,0.001,512,0,<class 'models.RNN'>,<class 'torch.optim.adam.Adam'>,<class 'torch.nn.modules.loss.CrossEntropyLoss'>,False
1,RNN,300,0.6441518211138488,0.7166227213541667,0.8282918149466192,0.872,0.9630675315856934,198.36532044410703,10,0.001,512,0,<class 'models.RNN'>,<class 'torch.optim.adam.Adam'>,<class 'torch.nn.modules.loss.CrossEntropyLoss'>,False
1,RNN,300,0.6416387546670536,0.7140542805989584,0.8294780545670225,0.872,1.0138444900512695,199.42016506195068,10,0.001,512,0,<class 'models.RNN'>,<class 'torch.optim.adam.Adam'>,<class 'torch.nn.modules.loss.CrossEntropyLoss'>,False
1,RNN,300,0.6391447979077467,0.7115066731770834,0.8300711743772242,0.872,0.9437661170959472,200.4069337844849,10,0.001,512,0,<class 'models.RNN'>,<class 'torch.optim.adam.Adam'>,<class 'torch.nn.modules.loss.CrossEntropyLoss'>,False
1,RNN,300,0.6366692901647529,0.7089798177083333,0.830367734282325,0.872,0.9660463333129884,201.41097974777225,10,0.001,512,0,<class 'models.RNN'>,<class 'torch.optim.adam.Adam'>,<class 'torch.nn.modules.loss.CrossEntropyLoss'>,False
1,RNN,300,0.6342126432262706,0.7064733072916667,0.8312574139976275,0.872,0.9550065994262696,202.405987739563,10,0.001,512,0,<class 'models.RNN'>,<class 'torch.optim.adam.Adam'>,<class 'torch.nn.modules.loss.CrossEntropyLoss'>,False
1,RNN,300,0.6317740516164831,0.7039872233072917,0.8330367734282325,0.872,1.0261971950531006,203.47018456459045,10,0.001,512,0,<class 'models.RNN'>,<class 'torch.optim.adam.Adam'>,<class 'torch.nn.modules.loss.CrossEntropyLoss'>,False
1,RNN,300,0.6293540764533753,0.7015209147135417,0.833926453143535,0.8746666666666667,1.0231914520263672,204.53337621688843,10,0.001,512,0,<class 'models.RNN'>,<class 'torch.optim.adam.Adam'>,<class 'torch.nn.modules.loss.CrossEntropyLoss'>,False
1,RNN,300,0.626951889635405,0.69907470703125,0.8345195729537367,0.8773333333333333,0.9932365417480468,205.56961345672607,10,0.001,512,0,<class 'models.RNN'>,<class 'torch.optim.adam.Adam'>,<class 'torch.nn.modules.loss.CrossEntropyLoss'>,False
1,RNN,300,0.6245680025039618,0.6966478678385417,0.8342230130486358,0.8773333333333333,0.96840500831604,206.5780177116394,10,0.001,512,0,<class 'models.RNN'>,<class 'torch.optim.adam.Adam'>,<class 'torch.nn.modules.loss.CrossEntropyLoss'>,False
1,RNN,300,0.622201713661565,0.6942405598958333,0.8348161328588375,0.88,1.0451428890228271,207.663161277771,10,0.001,512,0,<class 'models.RNN'>,<class 'torch.optim.adam.Adam'>,<class 'torch.nn.modules.loss.CrossEntropyLoss'>,False
1,RNN,300,0.6198533579689469,0.691852294921875,0.83570581257414,0.8826666666666667,1.0035498142242432,208.70971131324768,10,0.001,512,0,<class 'models.RNN'>,<class 'torch.optim.adam.Adam'>,<class 'torch.nn.modules.loss.CrossEntropyLoss'>,False
1,RNN,300,0.6175224557607341,0.68948291015625,0.8371886120996441,0.8853333333333333,0.9760446548461914,209.73175597190857,10,0.001,512,0,<class 'models.RNN'>,<class 'torch.optim.adam.Adam'>,<class 'torch.nn.modules.loss.CrossEntropyLoss'>,False
1,RNN,300,0.6152091020649721,0.6871324869791666,0.8374851720047449,0.8853333333333333,0.9580919742584229,210.7348475456237,10,0.001,512,0,<class 'models.RNN'>,<class 'torch.optim.adam.Adam'>,<class 'torch.nn.modules.loss.CrossEntropyLoss'>,False
1,RNN,300,0.6129130570489741,0.6848003743489584,0.8383748517200474,0.8853333333333333,0.9551324844360352,211.73098063468933,10,0.001,512,0,<class 'models.RNN'>,<class 'torch.optim.adam.Adam'>,<class 'torch.nn.modules.loss.CrossEntropyLoss'>,False
1,RNN,300,0.610634316187595,0.682486572265625,0.83926453143535,0.888,0.9716613292694092,212.7432334423065,10,0.001,512,0,<class 'models.RNN'>,<class 'torch.optim.adam.Adam'>,<class 'torch.nn.modules.loss.CrossEntropyLoss'>,False
1,RNN,300,0.6083725446201022,0.6801909586588542,0.8395610913404508,0.888,0.9645168781280518,213.75275087356567,10,0.001,512,0,<class 'models.RNN'>,<class 'torch.optim.adam.Adam'>,<class 'torch.nn.modules.loss.CrossEntropyLoss'>,False
1,RNN,300,0.6061279459780221,0.6779130045572916,0.8398576512455516,0.888,0.9437322616577148,214.73648238182068,10,0.001,512,0,<class 'models.RNN'>,<class 'torch.optim.adam.Adam'>,<class 'torch.nn.modules.loss.CrossEntropyLoss'>,False
1,RNN,300,0.6039000451211262,0.6756527913411459,0.8410438908659549,0.8906666666666667,0.9316136837005616,215.71151304244995,10,0.001,512,0,<class 'models.RNN'>,<class 'torch.optim.adam.Adam'>,<class 'torch.nn.modules.loss.CrossEntropyLoss'>,False
1,RNN,300,0.6016890683066661,0.6734096272786458,0.8413404507710558,0.8906666666666667,0.9786677360534668,216.73218083381653,10,0.001,512,0,<class 'models.RNN'>,<class 'torch.optim.adam.Adam'>,<class 'torch.nn.modules.loss.CrossEntropyLoss'>,False
1,RNN,300,0.5994944725172375,0.6711837972005208,0.8419335705812574,0.8906666666666667,1.0746161937713623,217.8487954139709,10,0.001,512,0,<class 'models.RNN'>,<class 'torch.optim.adam.Adam'>,<class 'torch.nn.modules.loss.CrossEntropyLoss'>,False
1,RNN,300,0.5973166559656037,0.6689744059244792,0.8434163701067615,0.8933333333333333,0.9891703128814696,218.8789637088776,10,0.001,512,0,<class 'models.RNN'>,<class 'torch.optim.adam.Adam'>,<class 'torch.nn.modules.loss.CrossEntropyLoss'>,False
1,RNN,300,0.5951548448519633,0.6667818196614583,0.8437129300118624,0.8933333333333333,0.9674758911132812,219.8914375305176,10,0.001,512,0,<class 'models.RNN'>,<class 'torch.optim.adam.Adam'>,<class 'torch.nn.modules.loss.CrossEntropyLoss'>,False
1,RNN,300,0.5930096817469116,0.66460498046875,0.844306049822064,0.896,0.9685521125793456,220.89898920059204,10,0.001,512,0,<class 'models.RNN'>,<class 'torch.optim.adam.Adam'>,<class 'torch.nn.modules.loss.CrossEntropyLoss'>,False
1,RNN,300,0.5908800760904948,0.6624443766276041,0.8451957295373665,0.896,1.0204126834869385,221.96340203285217,10,0.001,512,0,<class 'models.RNN'>,<class 'torch.optim.adam.Adam'>,<class 'torch.nn.modules.loss.CrossEntropyLoss'>,False
1,RNN,300,0.588767036990056,0.6602988688151041,0.8448991696322657,0.896,1.2301719188690186,223.24557447433472,10,0.001,512,0,<class 'models.RNN'>,<class 'torch.optim.adam.Adam'>,<class 'torch.nn.modules.loss.CrossEntropyLoss'>,False
1,RNN,300,0.5866692793044048,0.6581689860026042,0.8451957295373665,0.896,1.2477192878723145,224.55429434776303,10,0.001,512,0,<class 'models.RNN'>,<class 'torch.optim.adam.Adam'>,<class 'torch.nn.modules.loss.CrossEntropyLoss'>,False
1,RNN,300,0.5845876175596479,0.6560536295572916,0.8454922894424673,0.896,1.0226361751556396,225.6269302368164,10,0.001,512,0,<class 'models.RNN'>,<class 'torch.optim.adam.Adam'>,<class 'torch.nn.modules.loss.CrossEntropyLoss'>,False
1,RNN,300,0.5825211331513429,0.6539530029296875,0.8454922894424673,0.896,0.9877007007598876,226.6646721363068,10,0.001,512,0,<class 'models.RNN'>,<class 'torch.optim.adam.Adam'>,<class 'torch.nn.modules.loss.CrossEntropyLoss'>,False
1,RNN,300,0.5804702831191383,0.6518660481770834,0.8469750889679716,0.896,0.9945464134216307,227.7012176513672,10,0.001,512,0,<class 'models.RNN'>,<class 'torch.optim.adam.Adam'>,<class 'torch.nn.modules.loss.CrossEntropyLoss'>,False
1,RNN,300,0.5784342031603323,0.649793212890625,0.8472716488730724,0.896,1.050086259841919,228.79430532455444,10,0.001,512,0,<class 'models.RNN'>,<class 'torch.optim.adam.Adam'>,<class 'torch.nn.modules.loss.CrossEntropyLoss'>,False
1,RNN,300,0.5764134498677644,0.6477333984375,0.8472716488730724,0.896,0.9813518524169922,229.81765842437744,10,0.001,512,0,<class 'models.RNN'>,<class 'torch.optim.adam.Adam'>,<class 'torch.nn.modules.loss.CrossEntropyLoss'>,False
1,RNN,300,0.5744070050838014,0.6456867268880209,0.847864768683274,0.896,1.009742259979248,230.8674004077912,10,0.001,512,0,<class 'models.RNN'>,<class 'torch.optim.adam.Adam'>,<class 'torch.nn.modules.loss.CrossEntropyLoss'>,False
1,RNN,300,0.5724153575241071,0.6436522216796875,0.8484578884934757,0.896,0.986248016357422,231.90264630317688,10,0.001,512,0,<class 'models.RNN'>,<class 'torch.optim.adam.Adam'>,<class 'torch.nn.modules.loss.CrossEntropyLoss'>,False
1,RNN,300,0.5704375931093842,0.6416299641927083,0.8493475682087782,0.896,0.9623408317565918,232.90998792648315,10,0.001,512,0,<class 'models.RNN'>,<class 'torch.optim.adam.Adam'>,<class 'torch.nn.modules.loss.CrossEntropyLoss'>,False
1,RNN,300,0.5684736258618772,0.6396192220052084,0.8502372479240806,0.896,0.9498000144958496,233.900785446167,10,0.001,512,0,<class 'models.RNN'>,<class 'torch.optim.adam.Adam'>,<class 'torch.nn.modules.loss.CrossEntropyLoss'>,False
1,RNN,300,0.5665230756694029,0.6376195068359375,0.8511269276393831,0.896,0.9470069408416748,234.8877918720245,10,0.001,512,0,<class 'models.RNN'>,<class 'torch.optim.adam.Adam'>,<class 'torch.nn.modules.loss.CrossEntropyLoss'>,False
1,RNN,300,0.564585164207015,0.635630615234375,0.8514234875444839,0.896,0.9692797660827636,235.89407229423523,10,0.001,512,0,<class 'models.RNN'>,<class 'torch.optim.adam.Adam'>,<class 'torch.nn.modules.loss.CrossEntropyLoss'>,False
1,RNN,300,0.5626596154408664,0.6336518147786458,0.8520166073546857,0.896,1.0255932807922363,236.95866584777832,10,0.001,512,0,<class 'models.RNN'>,<class 'torch.optim.adam.Adam'>,<class 'torch.nn.modules.loss.CrossEntropyLoss'>,False
1,RNN,300,0.5607450627771561,0.63168310546875,0.853202846975089,0.896,0.9701123237609864,237.97277569770813,10,0.001,512,0,<class 'models.RNN'>,<class 'torch.optim.adam.Adam'>,<class 'torch.nn.modules.loss.CrossEntropyLoss'>,False
1,RNN,300,0.5588409767739148,0.6297238362630209,0.8537959667852907,0.896,1.0441629886627195,239.0579390525818,10,0.001,512,0,<class 'models.RNN'>,<class 'torch.optim.adam.Adam'>,<class 'torch.nn.modules.loss.CrossEntropyLoss'>,False
1,RNN,300,0.5569453754176166,0.6277743326822917,0.8543890865954923,0.896,0.956066370010376,240.05600547790527,10,0.001,512,0,<class 'models.RNN'>,<class 'torch.optim.adam.Adam'>,<class 'torch.nn.modules.loss.CrossEntropyLoss'>,False
1,RNN,300,0.5550566749074988,0.6258350016276042,0.8543890865954923,0.896,0.964836597442627,241.0617363452912,10,0.001,512,0,<class 'models.RNN'>,<class 'torch.optim.adam.Adam'>,<class 'torch.nn.modules.loss.CrossEntropyLoss'>,False
1,RNN,300,0.5531715809379749,0.6239070638020834,0.8543890865954923,0.896,1.0310430526733398,242.1347815990448,10,0.001,512,0,<class 'models.RNN'>,<class 'torch.optim.adam.Adam'>,<class 'torch.nn.modules.loss.CrossEntropyLoss'>,False
1,RNN,300,0.5512866815496877,0.6219930013020833,0.8546856465005931,0.896,1.0237627029418943,243.21154475212097,10,0.001,512,0,<class 'models.RNN'>,<class 'torch.optim.adam.Adam'>,<class 'torch.nn.modules.loss.CrossEntropyLoss'>,False
1,RNN,300,0.5493953293045786,0.6200982666015625,0.8546856465005931,0.8986666666666666,1.0480093955993652,244.3035535812378,10,0.001,512,0,<class 'models.RNN'>,<class 'torch.optim.adam.Adam'>,<class 'torch.nn.modules.loss.CrossEntropyLoss'>,False
1,RNN,300,0.5474902477694293,0.6182307942708334,0.854982206405694,0.9013333333333332,1.034912347793579,245.3964648246765,10,0.001,512,0,<class 'models.RNN'>,<class 'torch.optim.adam.Adam'>,<class 'torch.nn.modules.loss.CrossEntropyLoss'>,False
1,RNN,300,0.5455589475439395,0.616404052734375,0.8558718861209964,0.9013333333333332,0.9975214004516602,246.4449865818024,10,0.001,512,0,<class 'models.RNN'>,<class 'torch.optim.adam.Adam'>,<class 'torch.nn.modules.loss.CrossEntropyLoss'>,False
1,RNN,300,0.5435889120769387,0.6146344807942709,0.8579478054567022,0.9013333333333332,1.1421959400177002,247.63117957115173,10,0.001,512,0,<class 'models.RNN'>,<class 'torch.optim.adam.Adam'>,<class 'torch.nn.modules.loss.CrossEntropyLoss'>,False
1,RNN,300,0.5415685841480042,0.6129397786458334,0.8588374851720048,0.904,1.055009365081787,248.75418710708607,10,0.001,512,0,<class 'models.RNN'>,<class 'torch.optim.adam.Adam'>,<class 'torch.nn.modules.loss.CrossEntropyLoss'>,False
1,RNN,300,0.5395037695182175,0.6113266194661459,0.8606168446026097,0.904,1.0168461799621582,249.8240342140197,10,0.001,512,0,<class 'models.RNN'>,<class 'torch.optim.adam.Adam'>,<class 'torch.nn.modules.loss.CrossEntropyLoss'>,False
1,RNN,300,0.5374240762115515,0.6097657063802083,0.8612099644128114,0.904,0.96504545211792,250.82807803153992,10,0.001,512,0,<class 'models.RNN'>,<class 'torch.optim.adam.Adam'>,<class 'torch.nn.modules.loss.CrossEntropyLoss'>,False
1,RNN,300,0.5353730180226752,0.6081432291666666,0.8609134045077106,0.904,1.0871844291687012,251.95428729057312,10,0.001,512,0,<class 'models.RNN'>,<class 'torch.optim.adam.Adam'>,<class 'torch.nn.modules.loss.CrossEntropyLoss'>,False
1,RNN,300,0.5333884523149628,0.606353271484375,0.8612099644128114,0.904,0.9910097122192384,252.9889180660248,10,0.001,512,0,<class 'models.RNN'>,<class 'torch.optim.adam.Adam'>,<class 'torch.nn.modules.loss.CrossEntropyLoss'>,False
1,RNN,300,0.5315102456161843,0.6044566650390625,0.8609134045077106,0.904,1.113865852355957,254.14878177642825,10,0.001,512,0,<class 'models.RNN'>,<class 'torch.optim.adam.Adam'>,<class 'torch.nn.modules.loss.CrossEntropyLoss'>,False
1,RNN,300,0.5297202837707592,0.602578369140625,0.8620996441281139,0.9066666666666666,1.0285232067108154,255.2370219230652,10,0.001,512,0,<class 'models.RNN'>,<class 'torch.optim.adam.Adam'>,<class 'torch.nn.modules.loss.CrossEntropyLoss'>,False
1,RNN,300,0.5279648035305109,0.6007572021484375,0.8623962040332147,0.9066666666666666,1.0769124031066897,256.3549361228943,10,0.001,512,0,<class 'models.RNN'>,<class 'torch.optim.adam.Adam'>,<class 'torch.nn.modules.loss.CrossEntropyLoss'>,False
1,RNN,300,0.5262274691218584,0.598974609375,0.863582443653618,0.9066666666666666,1.001516819000244,257.40154695510864,10,0.001,512,0,<class 'models.RNN'>,<class 'torch.optim.adam.Adam'>,<class 'torch.nn.modules.loss.CrossEntropyLoss'>,False
1,RNN,300,0.524502746292422,0.5972218831380208,0.8641755634638197,0.9066666666666666,1.015922784805298,258.4589810371399,10,0.001,512,0,<class 'models.RNN'>,<class 'torch.optim.adam.Adam'>,<class 'torch.nn.modules.loss.CrossEntropyLoss'>,False
1,RNN,300,0.5227885580006302,0.5954898274739583,0.8638790035587188,0.9066666666666666,1.0365443229675293,259.53733134269714,10,0.001,512,0,<class 'models.RNN'>,<class 'torch.optim.adam.Adam'>,<class 'torch.nn.modules.loss.CrossEntropyLoss'>,False
1,RNN,300,0.5210876555346651,0.5937729899088542,0.8650652431791221,0.9066666666666666,1.0595738887786863,260.6399071216583,10,0.001,512,0,<class 'models.RNN'>,<class 'torch.optim.adam.Adam'>,<class 'torch.nn.modules.loss.CrossEntropyLoss'>,False
1,RNN,300,0.5194038626420823,0.5920755615234375,0.8653618030842231,0.9066666666666666,1.0073342323303225,261.69289541244507,10,0.001,512,0,<class 'models.RNN'>,<class 'torch.optim.adam.Adam'>,<class 'torch.nn.modules.loss.CrossEntropyLoss'>,False
1,RNN,300,0.5177353964157376,0.5904031575520833,0.8662514827995255,0.9066666666666666,0.9223682880401612,262.65626406669617,10,0.001,512,0,<class 'models.RNN'>,<class 'torch.optim.adam.Adam'>,<class 'torch.nn.modules.loss.CrossEntropyLoss'>,False
1,RNN,300,0.5160832795384092,0.588750732421875,0.8668446026097272,0.9066666666666666,0.969846248626709,263.66711044311523,10,0.001,512,0,<class 'models.RNN'>,<class 'torch.optim.adam.Adam'>,<class 'torch.nn.modules.loss.CrossEntropyLoss'>,False
1,RNN,300,0.5144457200526625,0.587114501953125,0.8680308422301305,0.9066666666666666,1.0691993236541748,264.77530789375305,10,0.001,512,0,<class 'models.RNN'>,<class 'torch.optim.adam.Adam'>,<class 'torch.nn.modules.loss.CrossEntropyLoss'>,False
1,RNN,300,0.5128219577341318,0.5854917805989583,0.8686239620403321,0.9066666666666666,1.0919530391693115,265.91826033592224,10,0.001,512,0,<class 'models.RNN'>,<class 'torch.optim.adam.Adam'>,<class 'torch.nn.modules.loss.CrossEntropyLoss'>,False
1,RNN,300,0.5112106395644508,0.5838810628255209,0.8686239620403321,0.9066666666666666,1.043126106262207,267.0043880939484,10,0.001,512,0,<class 'models.RNN'>,<class 'torch.optim.adam.Adam'>,<class 'torch.nn.modules.loss.CrossEntropyLoss'>,False
1,RNN,300,0.5096121230300776,0.582281005859375,0.8686239620403321,0.9066666666666666,1.058166265487671,268.10655426979065,10,0.001,512,0,<class 'models.RNN'>,<class 'torch.optim.adam.Adam'>,<class 'torch.nn.modules.loss.CrossEntropyLoss'>,False
1,RNN,300,0.5080257203089668,0.5806914876302083,0.868920521945433,0.9066666666666666,1.0428650379180908,269.1964180469513,10,0.001,512,0,<class 'models.RNN'>,<class 'torch.optim.adam.Adam'>,<class 'torch.nn.modules.loss.CrossEntropyLoss'>,False
1,RNN,300,0.5064514630771334,0.5791128743489583,0.8695136417556346,0.9066666666666666,1.061880111694336,270.3082962036133,10,0.001,512,0,<class 'models.RNN'>,<class 'torch.optim.adam.Adam'>,<class 'torch.nn.modules.loss.CrossEntropyLoss'>,False
1,RNN,300,0.5048891431779058,0.5775448404947917,0.8695136417556346,0.9066666666666666,1.0190870761871338,271.36938190460205,10,0.001,512,0,<class 'models.RNN'>,<class 'torch.optim.adam.Adam'>,<class 'torch.nn.modules.loss.CrossEntropyLoss'>,False
1,RNN,300,0.503338620331788,0.5759875081380208,0.8704033214709371,0.9066666666666666,1.044182062149048,272.46356177330017,10,0.001,512,0,<class 'models.RNN'>,<class 'torch.optim.adam.Adam'>,<class 'torch.nn.modules.loss.CrossEntropyLoss'>,False
1,RNN,300,0.5017994103482609,0.5744413248697917,0.8706998813760379,0.9066666666666666,0.9874248504638672,273.4929873943329,10,0.001,512,0,<class 'models.RNN'>,<class 'torch.optim.adam.Adam'>,<class 'torch.nn.modules.loss.CrossEntropyLoss'>,False
1,RNN,300,0.5002716761325461,0.5729056803385416,0.8712930011862396,0.9066666666666666,0.9963488578796388,274.5313341617584,10,0.001,512,0,<class 'models.RNN'>,<class 'torch.optim.adam.Adam'>,<class 'torch.nn.modules.loss.CrossEntropyLoss'>,False
1,RNN,300,0.4987545850579566,0.5713809000651041,0.8709964412811388,0.9066666666666666,1.021561622619629,275.59489369392395,10,0.001,512,0,<class 'models.RNN'>,<class 'torch.optim.adam.Adam'>,<class 'torch.nn.modules.loss.CrossEntropyLoss'>,False
1,RNN,300,0.4972489018740037,0.5698660481770833,0.8712930011862396,0.9066666666666666,0.972015619277954,276.6199085712433,10,0.001,512,0,<class 'models.RNN'>,<class 'torch.optim.adam.Adam'>,<class 'torch.nn.modules.loss.CrossEntropyLoss'>,False
1,RNN,300,0.4957530835062301,0.5683619384765625,0.8721826809015422,0.9066666666666666,1.0446395874023438,277.70454812049866,10,0.001,512,0,<class 'models.RNN'>,<class 'torch.optim.adam.Adam'>,<class 'torch.nn.modules.loss.CrossEntropyLoss'>,False
1,RNN,300,0.494268428671261,0.5668673909505209,0.8733689205219455,0.9066666666666666,0.9643428325653076,278.71088886260986,10,0.001,512,0,<class 'models.RNN'>,<class 'torch.optim.adam.Adam'>,<class 'torch.nn.modules.loss.CrossEntropyLoss'>,False
1,RNN,300,0.4927933037917384,0.5653832600911458,0.8736654804270463,0.9066666666666666,0.9705085754394532,279.7263958454132,10,0.001,512,0,<class 'models.RNN'>,<class 'torch.optim.adam.Adam'>,<class 'torch.nn.modules.loss.CrossEntropyLoss'>,False
1,RNN,300,0.4913288718299368,0.5639086507161458,0.8739620403321471,0.9066666666666666,0.9656360149383544,280.7380292415619,10,0.001,512,0,<class 'models.RNN'>,<class 'torch.optim.adam.Adam'>,<class 'torch.nn.modules.loss.CrossEntropyLoss'>,False
1,RNN,300,0.4898739471978564,0.5624440104166667,0.8739620403321471,0.9066666666666666,0.9720945358276368,281.752121925354,10,0.001,512,0,<class 'models.RNN'>,<class 'torch.optim.adam.Adam'>,<class 'torch.nn.modules.loss.CrossEntropyLoss'>,False
1,RNN,300,0.4884289869351461,0.5609888509114583,0.8742586002372479,0.9066666666666666,1.0138750076293943,282.81099581718445,10,0.001,512,0,<class 'models.RNN'>,<class 'torch.optim.adam.Adam'>,<class 'torch.nn.modules.loss.CrossEntropyLoss'>,False
1,RNN,300,0.4869935702033173,0.5595432942708334,0.8745551601423488,0.9066666666666666,1.0568439960479736,283.9108395576477,10,0.001,512,0,<class 'models.RNN'>,<class 'torch.optim.adam.Adam'>,<class 'torch.nn.modules.loss.CrossEntropyLoss'>,False
1,RNN,300,0.485567556722874,0.5581070963541667,0.8745551601423488,0.9066666666666666,0.9680073261260986,284.92184686660767,10,0.001,512,0,<class 'models.RNN'>,<class 'torch.optim.adam.Adam'>,<class 'torch.nn.modules.loss.CrossEntropyLoss'>,False
1,RNN,300,0.4841510324715719,0.5566804606119792,0.8748517200474496,0.9093333333333332,0.9680073261260986,285.9318542480469,10,0.001,512,0,<class 'models.RNN'>,<class 'torch.optim.adam.Adam'>,<class 'torch.nn.modules.loss.CrossEntropyLoss'>,False
1,RNN,300,0.4827435675606326,0.5552631022135417,0.8757413997627521,0.9093333333333332,0.9793295860290528,286.95306491851807,10,0.001,512,0,<class 'models.RNN'>,<class 'torch.optim.adam.Adam'>,<class 'torch.nn.modules.loss.CrossEntropyLoss'>,False
1,RNN,300,0.4813453701467276,0.5538547770182292,0.8757413997627521,0.9093333333333332,1.0080087184906006,288.00307059288025,10,0.001,512,0,<class 'models.RNN'>,<class 'torch.optim.adam.Adam'>,<class 'torch.nn.modules.loss.CrossEntropyLoss'>,False
1,RNN,300,0.4799559062627428,0.5524558512369792,0.8766310794780545,0.9093333333333332,1.0347700119018557,289.09284138679504,10,0.001,512,0,<class 'models.RNN'>,<class 'torch.optim.adam.Adam'>,<class 'torch.nn.modules.loss.CrossEntropyLoss'>,False
1,RNN,300,0.478575533395136,0.5510659586588542,0.8784104389086596,0.9093333333333332,0.9660077095031738,290.1008949279785,10,0.001,512,0,<class 'models.RNN'>,<class 'torch.optim.adam.Adam'>,<class 'torch.nn.modules.loss.CrossEntropyLoss'>,False
1,RNN,300,0.4772037854539683,0.5496852213541666,0.8787069988137604,0.9093333333333332,0.9835495948791504,291.12544417381287,10,0.001,512,0,<class 'models.RNN'>,<class 'torch.optim.adam.Adam'>,<class 'torch.nn.modules.loss.CrossEntropyLoss'>,False
1,RNN,300,0.4758407619924307,0.5483135579427083,0.8790035587188612,0.9093333333333332,0.995692491531372,292.1641364097595,10,0.001,512,0,<class 'models.RNN'>,<class 'torch.optim.adam.Adam'>,<class 'torch.nn.modules.loss.CrossEntropyLoss'>,False
1,RNN,300,0.4744864630105232,0.5469508463541667,0.8790035587188612,0.9093333333333332,0.9805560111999512,293.1856920719147,10,0.001,512,0,<class 'models.RNN'>,<class 'torch.optim.adam.Adam'>,<class 'torch.nn.modules.loss.CrossEntropyLoss'>,False
1,RNN,300,0.4731405400720779,0.5455971272786458,0.8793001186239621,0.9093333333333332,1.025112867355347,294.25080466270447,10,0.001,512,0,<class 'models.RNN'>,<class 'torch.optim.adam.Adam'>,<class 'torch.nn.modules.loss.CrossEntropyLoss'>,False
1,RNN,300,0.4718030610542704,0.54425244140625,0.8795966785290629,0.9093333333333332,0.9718515872955322,295.2636561393738,10,0.001,512,0,<class 'models.RNN'>,<class 'torch.optim.adam.Adam'>,<class 'torch.nn.modules.loss.CrossEntropyLoss'>,False
1,RNN,300,0.4704739807056504,0.5429167073567708,0.8804863582443654,0.9093333333333332,0.986553192138672,296.2912096977234,10,0.001,512,0,<class 'models.RNN'>,<class 'torch.optim.adam.Adam'>,<class 'torch.nn.modules.loss.CrossEntropyLoss'>,False
1,RNN,300,0.4691531361209964,0.54158984375,0.8813760379596679,0.9093333333333332,0.998361110687256,297.3345699310303,10,0.001,512,0,<class 'models.RNN'>,<class 'torch.optim.adam.Adam'>,<class 'torch.nn.modules.loss.CrossEntropyLoss'>,False
1,RNN,300,0.4678404956242933,0.5402720133463542,0.8816725978647687,0.9093333333333332,1.08467698097229,298.460248708725,10,0.001,512,0,<class 'models.RNN'>,<class 'torch.optim.adam.Adam'>,<class 'torch.nn.modules.loss.CrossEntropyLoss'>,False
1,RNN,300,0.4665361587687319,0.5389628499348958,0.8822657176749703,0.9093333333333332,0.9293739795684814,299.4306230545044,10,0.001,512,0,<class 'models.RNN'>,<class 'torch.optim.adam.Adam'>,<class 'torch.nn.modules.loss.CrossEntropyLoss'>,False
1,RNN,300,0.4652396413637932,0.5376627604166667,0.8819691577698695,0.9093333333333332,1.007007360458374,300.4766290187836,10,0.001,512,0,<class 'models.RNN'>,<class 'torch.optim.adam.Adam'>,<class 'torch.nn.modules.loss.CrossEntropyLoss'>,False
1,RNN,300,0.4639515045274619,0.5363714599609375,0.8822657176749703,0.9093333333333332,0.9481873512268066,301.4648160934448,10,0.001,512,0,<class 'models.RNN'>,<class 'torch.optim.adam.Adam'>,<class 'torch.nn.modules.loss.CrossEntropyLoss'>,False
1,RNN,300,0.4626710332868221,0.535089111328125,0.8822657176749703,0.912,0.9465367794036864,302.4513506889343,10,0.001,512,0,<class 'models.RNN'>,<class 'torch.optim.adam.Adam'>,<class 'torch.nn.modules.loss.CrossEntropyLoss'>,False
1,RNN,300,0.4613987842347132,0.5338154296875,0.8819691577698695,0.912,0.9815020561218262,303.4718532562256,10,0.001,512,0,<class 'models.RNN'>,<class 'torch.optim.adam.Adam'>,<class 'torch.nn.modules.loss.CrossEntropyLoss'>,False
1,RNN,300,0.4601340650239449,0.5325509033203125,0.8822657176749703,0.9093333333333332,0.9340498447418212,304.4449031352997,10,0.001,512,0,<class 'models.RNN'>,<class 'torch.optim.adam.Adam'>,<class 'torch.nn.modules.loss.CrossEntropyLoss'>,False
1,RNN,300,0.4588777173314937,0.5312948811848959,0.882858837485172,0.9093333333333332,0.9480066299438475,305.4299099445343,10,0.001,512,0,<class 'models.RNN'>,<class 'torch.optim.adam.Adam'>,<class 'torch.nn.modules.loss.CrossEntropyLoss'>,False
1,RNN,300,0.4576284198150092,0.5300481770833333,0.882858837485172,0.9093333333333332,1.0608305931091309,306.5317409038544,10,0.001,512,0,<class 'models.RNN'>,<class 'torch.optim.adam.Adam'>,<class 'torch.nn.modules.loss.CrossEntropyLoss'>,False
1,RNN,300,0.4563877834261241,0.5288097330729167,0.882858837485172,0.9093333333333332,1.082007646560669,307.6680655479431,10,0.001,512,0,<class 'models.RNN'>,<class 'torch.optim.adam.Adam'>,<class 'torch.nn.modules.loss.CrossEntropyLoss'>,False
1,RNN,300,0.4551538306764577,0.5275807291666667,0.882858837485172,0.9093333333333332,1.031895875930786,308.75376892089844,10,0.001,512,0,<class 'models.RNN'>,<class 'torch.optim.adam.Adam'>,<class 'torch.nn.modules.loss.CrossEntropyLoss'>,False
1,RNN,300,0.4539286838590321,0.5263598225911459,0.882858837485172,0.9093333333333332,1.0240099430084229,309.81877875328064,10,0.001,512,0,<class 'models.RNN'>,<class 'torch.optim.adam.Adam'>,<class 'torch.nn.modules.loss.CrossEntropyLoss'>,False
1,RNN,300,0.4527099039206725,0.5251483968098958,0.8831553973902728,0.9093333333333332,0.9986522197723388,310.8614294528961,10,0.001,512,0,<class 'models.RNN'>,<class 'torch.optim.adam.Adam'>,<class 'torch.nn.modules.loss.CrossEntropyLoss'>,False
2,RNN,300,0.23524412876912,0.4279630126953125,0.9359430604982206,0.8826666666666667,0.9833555221557616,304.25795912742615,10,0.001,512,0,<class 'models.RNN'>,<class 'torch.optim.adam.Adam'>,<class 'torch.nn.modules.loss.CrossEntropyLoss'>,False
3,RNN,300,0.2481206529646723,0.239445556640625,0.9288256227758008,0.9573333333333334,0.9369831085205078,15.84387183189392,10,0.001,512,0,<class 'models.RNN'>,<class 'torch.optim.adam.Adam'>,<class 'torch.nn.modules.loss.CrossEntropyLoss'>,False
4,RNN,300,0.2502754274777812,0.3019458618164062,0.9297153024911032,0.944,0.9989352226257324,16.61973285675049,10,0.001,512,0,<class 'models.RNN'>,<class 'torch.optim.adam.Adam'>,<class 'torch.nn.modules.loss.CrossEntropyLoss'>,False
5,RNN,300,0.2275821531936084,0.2641666056315104,0.9383155397390271,0.9413333333333334,1.0305185317993164,16.88075351715088,10,0.001,512,0,<class 'models.RNN'>,<class 'torch.optim.adam.Adam'>,<class 'torch.nn.modules.loss.CrossEntropyLoss'>,False
6,RNN,300,0.2199237592703931,0.3481294759114583,0.9412811387900356,0.9173333333333332,1.0018832683563232,16.184370279312134,10,0.001,512,0,<class 'models.RNN'>,<class 'torch.optim.adam.Adam'>,<class 'torch.nn.modules.loss.CrossEntropyLoss'>,False
7,RNN,300,0.2216673926809363,0.2517848103841146,0.9409845788849348,0.9493333333333334,0.9540104866027832,16.237709045410156,10,0.001,512,0,<class 'models.RNN'>,<class 'torch.optim.adam.Adam'>,<class 'torch.nn.modules.loss.CrossEntropyLoss'>,False
8,RNN,300,0.1958075307647587,0.4193706818442931,0.9493032908390158,0.9090909090909092,0.9562778472900392,16.098885774612427,10,0.001,512,0,<class 'models.RNN'>,<class 'torch.optim.adam.Adam'>,<class 'torch.nn.modules.loss.CrossEntropyLoss'>,False
9,RNN,300,0.207730218348431,0.2545345734784947,0.9448562110880522,0.9411764705882352,0.9574782848358154,16.204280614852905,10,0.001,512,0,<class 'models.RNN'>,<class 'torch.optim.adam.Adam'>,<class 'torch.nn.modules.loss.CrossEntropyLoss'>,False
10,RNN,300,0.20768022579642104,0.33477008024001503,0.9442632671212571,0.9358288770053476,0.9703130722045898,17.18666672706604,10,0.001,512,0,<class 'models.RNN'>,<class 'torch.optim.adam.Adam'>,<class 'torch.nn.modules.loss.CrossEntropyLoss'>,False
