x3,y3,x4,y4,x5,y5,x6,y6,Digit
10,75,0,24,48,0,100,19,0
16,69,0,27,40,0,93,15,0
11,5,63,0,100,43,89,99,0
47,0,86,25,100,66,76,100,0
57,0,100,22,95,75,54,100,0
62,5,95,40,100,88,60,100,0
37,0,88,5,100,43,78,79,0
43,0,91,20,100,65,65,100,0
33,12,75,0,100,35,87,75,0
49,0,92,13,100,60,73,98,0
19,21,65,0,100,29,98,67,0
31,0,76,16,100,61,70,100,0
21,0,73,2,100,45,78,89,0
40,0,78,11,100,43,95,81,0
55,0,89,24,100,70,72,100,0
79,5,100,58,59,60,74,64,0
52,0,93,30,100,75,62,100,0
49,0,86,18,100,50,86,82,0
30,75,23,21,72,0,100,47,0
20,16,68,0,100,31,99,71,0
78,14,100,56,85,100,42,98,0
26,0,80,1,100,51,74,100,0
42,0,89,17,100,59,73,96,0
31,0,74,10,100,49,80,90,0
41,0,89,18,100,61,75,100,0
37,0,77,13,100,54,80,97,0
52,0,92,15,100,63,72,100,0
25,4,70,0,100,35,94,79,0
35,0,82,11,100,58,73,100,0
34,0,84,17,100,61,72,100,0
28,0,74,2,100,37,89,80,0
21,5,71,0,100,49,67,100,0
56,0,100,29,97,68,59,100,0
41,0,89,11,100,54,70,92,0
16,5,67,0,100,34,92,75,0
38,0,90,14,100,64,67,100,0
68,0,100,35,81,75,38,100,0
24,0,73,11,100,51,82,94,0
21,0,72,0,100,41,86,88,0
15,20,62,0,100,31,96,73,0
16,5,51,0,84,20,100,61,0
36,0,74,10,100,49,85,95,0
56,0,99,24,100,68,63,100,0
19,0,67,1,100,35,93,79,0
13,22,61,0,100,30,98,69,0
49,0,89,23,100,63,75,97,0
20,25,61,0,100,21,93,64,0
27,11,76,0,100,39,84,83,0
12,0,69,3,100,48,82,97,0
0,24,28,0,69,18,100,49,0
29,0,70,4,100,37,84,82,0
12,15,62,0,99,29,100,70,0
16,5,63,0,95,31,100,72,0
24,1,74,0,100,43,82,90,0
33,0,80,9,100,65,64,100,0
38,0,90,4,100,44,72,82,0
0,19,40,0,84,28,100,72,0
22,4,58,0,89,25,100,67,0
38,0,79,8,100,46,76,84,0
35,0,84,19,100,67,65,100,0
12,5,53,0,88,25,100,68,0
22,14,66,0,100,35,78,88,0
28,0,78,7,100,48,80,90,0
46,0,87,11,100,61,69,97,0
22,1,77,0,100,56,62,100,0
21,0,71,1,100,37,87,80,0
44,0,92,23,100,64,70,100,0
21,6,66,0,100,30,99,73,0
33,0,77,6,100,44,78,85,0
33,2,83,0,100,38,85,78,0
30,0,67,1,100,27,96,76,0
20,4,66,0,100,30,89,75,0
11,19,49,0,88,19,100,60,0
42,0,86,19,100,56,84,90,0
39,0,82,17,100,54,89,93,0
25,13,70,0,100,35,86,81,0
34,0,79,8,100,55,79,100,0
40,0,92,20,100,67,63,100,0
28,10,74,0,100,38,86,81,0
1,29,40,0,94,10,100,53,0
19,1,65,0,99,30,100,73,0
16,0,62,1,95,30,100,70,0
34,0,87,3,100,56,70,100,0
18,7,58,0,92,25,100,69,0
30,0,81,1,100,38,87,78,0
20,7,67,0,100,33,93,76,0
37,0,89,21,100,63,73,100,0
35,0,80,14,100,61,71,100,0
32,0,76,24,100,62,86,100,0
6,23,41,0,80,5,100,42,0
34,0,79,17,100,58,81,99,0
0,7,37,0,74,24,100,62,0
14,20,64,0,100,36,83,85,0
31,0,78,15,100,55,87,98,0
16,0,84,12,100,57,75,100,0
26,0,73,10,100,50,82,93,0
0,33,23,0,77,13,100,50,0
40,0,86,12,100,56,80,97,0
26,0,73,1,100,48,88,100,0
30,0,81,8,100,49,74,90,0
12,10,63,0,100,36,100,81,0
6,20,50,0,95,22,100,64,0
73,14,100,50,89,90,43,100,0
12,16,59,0,100,27,95,70,0
40,0,86,12,100,53,79,92,0
0,13,47,0,90,26,100,68,0
72,0,100,29,92,75,62,100,0
10,24,54,0,100,22,95,71,0
22,6,69,0,100,37,90,83,0
77,5,100,43,88,86,55,100,0
22,6,66,0,100,30,91,76,0
22,9,71,0,100,49,78,100,0
24,5,69,0,100,39,91,87,0
14,13,58,0,92,25,100,63,0
44,0,89,22,100,75,58,100,0
12,0,54,1,88,29,100,71,0
57,0,100,24,92,72,47,100,0
34,0,77,13,100,51,78,89,0
13,0,63,9,97,41,100,82,0
25,0,71,4,100,39,90,84,0
31,0,79,26,100,71,57,100,0
18,22,50,0,86,11,100,51,0
0,17,38,0,79,23,100,58,0
4,11,48,0,89,24,100,64,0
10,16,58,0,100,26,98,71,0
29,11,69,0,100,26,90,73,0
2,23,40,0,86,18,100,56,0
36,0,77,1,100,44,82,90,0
40,0,81,18,100,55,82,94,0
29,0,69,7,100,43,85,89,0
3,17,50,0,94,25,100,68,0
22,0,72,10,100,44,93,84,0
23,1,75,0,100,39,78,83,0
0,18,46,0,89,28,100,70,0
4,18,55,0,100,36,84,89,0
0,25,36,0,83,27,100,64,0
10,9,53,0,91,23,100,63,0
2,11,52,0,91,30,100,67,0
0,15,41,0,83,25,100,63,0
5,23,52,0,100,21,95,62,0
8,12,58,0,99,29,100,75,0
16,0,69,8,100,40,93,78,0
20,6,66,0,100,35,98,84,0
0,2,51,0,87,34,100,78,0
7,0,61,0,100,44,80,100,0
0,35,31,0,79,11,100,53,0
46,0,89,20,100,62,78,100,0
1,20,43,0,87,16,100,61,0
8,17,52,0,92,26,100,69,0
60,4,89,35,100,75,71,100,0
0,40,21,0,73,0,100,38,0
0,41,14,0,71,16,100,55,0
62,0,100,22,95,68,61,100,0
11,0,71,4,100,57,56,100,0
47,0,93,8,100,50,73,87,0
20,0,83,22,100,69,49,100,0
63,0,100,34,99,81,54,100,0
2,34,33,0,80,8,100,50,0
10,4,61,0,100,31,95,76,0
4,1,54,0,95,30,100,75,0
13,12,63,0,99,30,100,74,0
18,7,67,0,100,30,87,73,0
1,30,35,0,80,10,100,50,0
6,16,53,0,95,28,100,73,0
16,0,70,3,100,40,92,84,0
12,5,62,0,100,39,97,91,0
12,8,62,0,100,33,94,79,0
4,8,63,0,100,46,73,96,0
30,0,80,15,100,59,74,100,0
13,6,67,0,100,34,96,76,0
18,0,73,7,100,45,93,88,0
0,42,30,0,79,4,100,51,0
43,0,90,13,100,54,75,93,0
33,0,79,0,100,42,82,85,0
15,21,60,0,100,28,96,73,0
30,0,80,5,100,54,70,99,0
0,17,47,0,90,25,100,66,0
11,24,52,0,98,14,100,55,0
33,12,79,0,100,38,82,80,0
0,2,51,0,93,30,100,76,0
39,0,85,11,100,54,74,94,0
0,20,41,0,87,19,100,59,0
10,1,57,0,95,34,100,83,0
0,24,30,0,66,11,95,41,0
60,0,90,31,100,71,75,100,0
4,14,52,0,94,29,100,71,0
19,3,71,0,100,36,87,78,0
0,33,30,0,82,6,100,45,0
0,11,54,0,100,32,97,80,0
7,1,66,0,100,42,86,91,0
0,28,33,0,84,16,100,57,0
23,0,70,3,100,41,82,90,0
0,23,32,0,77,18,100,51,0
4,8,57,0,100,30,100,71,0
14,13,64,0,100,33,96,77,0
8,20,54,0,98,27,100,65,0
1,8,57,0,100,30,98,75,0
14,13,59,0,100,23,98,69,0
32,0,82,12,100,57,66,93,0
0,2,62,0,100,47,76,100,0
35,0,77,17,100,56,89,96,0
0,20,37,0,80,15,100,52,0
4,30,37,0,81,8,100,47,0
18,0,69,6,100,53,72,100,0
2,26,42,0,86,20,100,60,0
17,0,64,0,96,43,100,99,0
2,17,51,0,95,27,100,69,0
0,16,34,0,79,11,100,39,0
0,24,29,0,70,20,100,53,0
18,1,76,0,100,52,71,100,0
10,4,57,0,100,30,97,87,0
0,21,30,0,70,14,100,43,0
16,24,57,0,97,27,100,72,0
0,33,30,0,81,6,100,44,0
32,4,79,0,100,41,81,82,0
71,1,100,36,87,79,45,100,0
0,34,32,0,82,4,100,46,0
42,0,83,15,100,56,80,95,0
0,6,57,0,97,22,100,52,0
0,25,35,0,79,13,100,49,0
0,20,35,0,78,21,100,55,0
0,27,39,0,88,16,100,56,0
0,13,62,0,100,48,73,100,0
6,23,54,0,100,30,88,77,0
7,0,62,0,100,33,95,74,0
0,38,24,0,75,3,100,42,0
8,0,65,11,100,47,99,90,0
0,15,45,0,88,25,100,70,0
1,17,40,0,80,15,100,61,0
0,9,49,0,89,29,100,70,0
0,28,32,0,70,10,100,44,0
39,0,83,17,100,61,70,96,0
11,0,65,5,100,41,97,85,0
81,14,100,60,81,100,40,85,0
45,0,87,12,100,57,81,100,0
0,27,42,0,91,17,100,65,0
0,26,38,0,88,14,100,53,0
0,25,42,0,89,25,100,67,0
8,8,62,0,100,40,82,89,0
0,37,26,0,77,6,100,46,0
0,32,27,0,70,6,100,37,0
0,38,27,0,72,9,100,47,0
42,5,86,0,100,49,76,95,0
25,0,76,15,100,62,63,100,0
0,22,40,0,85,19,100,59,0
6,6,56,0,97,30,100,76,0
2,7,53,0,98,27,100,70,0
0,39,18,4,59,0,91,26,0
0,13,39,0,78,25,100,65,0
0,20,41,0,84,19,100,60,0
0,19,42,0,87,26,100,71,0
0,15,53,0,98,34,100,83,0
31,8,75,0,100,40,85,87,0
0,19,47,0,99,25,100,65,0
14,0,75,3,100,51,73,100,0
0,27,29,0,71,9,100,42,0
0,29,33,0,78,3,100,39,0
19,9,62,0,100,30,83,82,0
0,27,27,0,75,6,100,36,0
0,36,25,0,78,4,100,43,0
0,34,26,0,75,0,100,35,0
42,0,100,43,95,100,30,69,0
0,24,40,0,87,24,100,69,0
0,45,23,0,83,10,100,58,0
46,0,100,49,70,100,44,78,0
0,11,41,0,81,19,100,65,0
0,30,22,0,73,19,100,53,0
5,23,55,0,98,26,100,70,0
0,33,20,0,70,13,100,45,0
0,26,43,0,100,17,100,56,0
0,30,33,0,88,15,100,54,0
0,27,32,0,76,9,100,44,0
0,22,44,0,92,23,100,65,0
0,28,39,0,85,24,100,64,0
0,26,44,0,92,22,100,66,0
0,20,43,0,88,23,100,70,0
3,27,41,0,87,27,100,66,0
0,19,44,0,90,22,100,66,0
0,31,29,0,83,20,100,56,0
38,0,79,23,100,66,81,100,0
0,13,41,0,82,26,100,72,0
0,28,35,0,78,13,100,53,0
0,34,28,1,70,0,100,33,0
7,16,56,0,100,31,91,79,0
0,41,17,4,62,0,100,21,0
13,21,59,0,100,34,81,79,0
48,0,85,26,100,74,69,100,0
0,2,46,0,83,34,100,80,0
0,28,32,0,77,7,100,44,0
0,31,24,0,70,4,100,36,0
19,11,63,0,100,29,86,78,0
9,19,61,0,100,47,76,100,0
0,48,30,1,87,0,100,51,0
0,15,45,0,90,24,100,70,0
0,16,53,0,100,32,95,81,0
0,30,20,0,68,5,100,33,0
0,39,21,3,62,0,98,22,0
5,29,50,0,100,18,100,63,0
0,34,9,0,71,18,97,51,0
36,6,80,0,100,45,77,90,0
0,23,46,0,95,23,100,67,0
0,39,23,1,71,0,100,34,0
0,6,49,0,93,38,100,96,0
0,0,49,6,88,48,100,100,0
0,26,35,0,82,24,100,64,0
0,28,18,0,66,15,90,45,0
0,21,44,0,89,29,100,70,0
0,17,51,0,93,28,100,70,0
0,32,33,0,82,8,100,51,0
0,24,46,0,98,21,100,70,0
0,27,30,0,74,19,100,56,0
0,27,21,0,70,9,100,37,0
0,30,29,0,76,24,100,62,0
0,29,36,0,83,17,100,60,0
0,8,54,0,100,37,86,86,0
0,27,28,0,70,15,100,51,0
0,42,24,2,73,0,100,38,0
0,32,34,0,84,15,100,56,0
10,22,55,0,100,24,96,74,0
0,50,20,7,66,0,100,33,0
0,30,23,0,67,14,100,46,0
0,28,34,0,83,8,100,46,0
1,53,11,0,75,18,100,74,0
0,23,40,0,86,22,100,69,0
0,36,16,0,58,7,91,34,0
0,49,18,8,73,0,100,37,0
0,24,36,0,85,23,100,69,0
0,24,39,0,86,16,100,60,0
0,33,24,0,74,25,100,65,0
0,55,18,11,67,0,100,36,0
0,15,50,0,91,35,100,81,0
0,31,25,0,75,13,100,50,0
0,24,37,0,81,21,100,67,0
12,0,67,15,100,56,90,100,0
0,26,29,0,75,27,100,65,0
35,2,100,58,65,100,21,48,0
0,30,33,0,79,32,100,72,0
0,41,25,0,77,10,100,55,0
0,34,29,0,81,21,100,59,0
24,19,69,0,100,42,74,85,0
0,33,21,0,68,9,100,43,0
3,0,57,10,97,50,100,100,0
0,25,34,0,82,27,100,75,0
0,24,34,0,78,24,100,63,0
10,26,56,0,100,31,93,81,0
0,29,28,0,77,15,100,57,0
0,59,19,17,61,0,97,24,0
0,42,30,0,82,6,100,56,0
0,59,12,13,67,0,100,37,0
0,39,3,0,61,7,100,38,0
0,35,22,0,73,17,100,58,0
4,36,42,0,95,25,100,77,0
0,63,15,16,62,0,100,30,0
0,30,34,0,79,32,100,76,0
0,41,13,0,60,3,99,30,0
0,59,1,17,38,0,77,13,0
0,34,31,0,80,28,100,75,0
0,35,6,0,58,0,97,25,0
26,0,100,43,88,100,13,58,0
0,39,6,0,63,2,100,33,0
0,32,24,0,76,18,100,56,0
1,33,24,0,74,23,100,65,0
0,0,52,9,100,57,82,100,0
29,0,100,54,61,95,0,39,0
0,36,20,0,75,25,100,64,0
0,50,22,1,78,0,100,47,0
10,49,0,8,58,0,100,31,0
0,37,16,0,70,23,100,61,0
0,36,19,0,72,14,100,58,0
0,43,13,0,86,34,100,84,0
24,30,56,0,100,43,90,94,0
27,0,100,50,61,100,0,38,0
0,52,7,13,57,0,99,26,0
9,70,0,31,28,0,78,11,0
0,42,10,0,70,16,100,56,0
0,55,3,15,51,0,94,24,0
0,60,10,8,62,0,100,37,0
0,66,9,18,60,0,100,33,0
8,65,0,23,40,0,88,21,0
0,44,2,0,61,2,100,40,0
23,67,0,29,19,0,69,16,0
1,63,0,9,53,0,100,30,0
14,50,0,18,42,0,88,20,0
13,67,0,25,41,0,91,16,0
0,88,8,70,15,53,15,35,1
75,71,58,57,58,42,33,28,1
0,85,0,68,13,51,20,34,1
80,76,65,61,50,45,40,30,1
57,75,36,60,14,44,0,29,1
25,72,19,58,12,43,6,28,1
79,80,50,64,36,48,14,31,1
93,80,82,63,71,46,46,30,1
89,79,78,63,56,47,33,31,1
39,84,24,67,15,50,9,33,1
72,90,100,100,76,75,50,51,1
100,100,81,80,60,60,40,40,1
78,87,100,100,91,75,85,49,1
100,100,91,80,72,60,53,40,1
67,84,100,100,94,82,80,54,1
62,100,72,86,77,65,79,43,1
80,100,100,92,80,69,65,46,1
59,72,86,94,100,100,80,68,1
64,79,95,100,100,85,81,57,1
79,94,100,100,85,74,75,48,1
97,100,91,55,84,10,21,0,1
95,80,100,64,95,48,82,31,1
93,96,100,100,71,75,48,50,1
64,100,62,78,70,57,83,36,1
64,100,85,99,85,74,89,49,1
90,100,100,89,100,67,92,44,1
71,91,100,100,82,74,68,48,1
61,82,92,100,100,84,86,56,1
65,85,100,100,84,75,65,51,1
48,82,100,100,97,78,72,51,1
63,78,100,100,90,75,88,50,1
50,100,50,62,52,23,4,2,1
76,94,100,100,75,75,53,49,1
100,100,84,80,71,59,58,37,1
42,83,79,100,100,98,81,66,1
68,78,100,100,94,76,80,51,1
74,99,100,100,78,75,53,50,1
74,100,69,74,72,49,79,23,1
82,100,100,90,86,65,70,39,1
100,100,91,84,65,62,47,40,1
62,100,54,64,47,28,12,0,1
100,100,95,87,76,65,67,43,1
27,80,26,35,4,4,12,0,1
96,100,91,75,69,45,51,16,1
100,79,100,64,91,48,82,32,1
90,99,100,100,87,75,78,50,1
73,90,100,100,98,74,96,48,1
62,90,100,100,86,74,68,49,1
84,100,100,88,89,66,79,44,1
67,80,100,100,96,80,83,53,1
46,79,89,100,100,85,78,57,1
91,96,100,100,78,75,62,49,1
66,82,100,100,94,75,85,50,1
68,83,100,100,77,75,61,50,1
100,100,84,75,71,42,64,9,1
62,76,100,100,81,79,57,53,1
100,100,76,81,60,61,44,40,1
81,100,100,99,96,72,88,45,1
72,75,100,100,83,80,61,54,1
100,100,91,85,88,51,89,16,1
92,100,100,85,81,64,61,42,1
78,100,100,95,76,71,49,47,1
63,76,94,100,100,84,86,55,1
100,100,87,95,87,71,87,47,1
66,86,100,100,94,77,79,52,1
72,100,66,65,63,29,31,0,1
51,91,43,52,46,13,100,7,1
78,100,100,86,98,63,92,42,1
73,77,100,100,81,77,61,52,1
56,83,100,100,94,75,75,50,1
85,99,100,100,85,75,76,50,1
90,100,100,97,84,72,68,47,1
66,85,100,100,72,75,47,51,1
57,79,100,100,92,78,70,52,1
51,81,89,100,100,80,86,53,1
79,96,100,100,95,74,87,49,1
49,64,76,79,100,100,84,73,1
70,77,100,100,95,78,84,51,1
87,100,100,92,86,69,76,46,1
86,91,100,100,95,75,92,50,1
91,100,100,90,78,67,56,45,1
80,100,100,91,100,66,91,40,1
100,100,90,80,73,60,57,40,1
60,85,97,100,100,82,74,56,1
82,100,76,88,65,63,70,38,1
62,78,100,100,100,80,95,52,1
90,100,100,93,69,71,44,47,1
79,100,93,99,93,73,97,46,1
80,100,60,82,52,57,60,33,1
47,63,76,88,100,100,79,68,1
70,100,63,74,57,37,48,0,1
62,83,100,100,87,87,67,59,1
67,79,100,100,100,88,81,59,1
32,100,33,65,36,29,3,0,1
64,97,56,64,52,30,4,5,1
76,100,100,99,87,71,64,44,1
87,91,100,100,87,75,77,50,1
69,100,100,95,84,72,62,47,1
80,100,100,98,80,73,58,48,1
75,73,100,100,71,82,43,55,1
72,76,100,100,82,79,62,52,1
61,83,99,100,100,83,74,56,1
56,82,93,100,100,86,75,58,1
76,74,100,100,92,87,82,58,1
70,79,100,100,86,76,70,51,1
27,100,26,64,24,28,3,0,1
53,77,85,100,100,88,86,57,1
81,100,100,95,81,70,57,45,1
85,97,100,100,98,75,93,50,1
87,96,100,100,78,75,54,50,1
100,100,94,96,85,72,81,48,1
61,83,100,100,89,75,72,50,1
71,75,100,100,82,76,59,51,1
60,100,59,52,53,5,16,1,1
68,76,100,100,95,76,89,50,1
76,95,100,100,87,75,72,50,1
82,100,100,95,86,70,75,44,1
66,79,100,100,90,79,66,53,1
70,100,57,61,48,22,7,0,1
27,86,24,43,8,4,6,0,1
67,100,81,83,81,57,88,31,1
69,86,81,100,72,72,72,44,1
78,89,100,100,77,75,53,49,1
70,83,70,67,70,50,80,33,1
77,93,100,100,77,75,56,50,1
63,81,100,100,84,74,63,49,1
100,100,92,82,75,60,62,38,1
63,83,100,100,97,78,81,53,1
77,95,100,100,70,75,45,50,1
69,91,100,100,80,75,59,51,1
82,99,100,100,73,75,39,50,1
100,100,87,86,58,65,39,44,1
65,87,100,100,87,75,75,51,1
69,78,100,100,95,94,70,64,1
74,100,68,54,59,9,5,1,1
86,100,91,93,88,70,87,46,1
100,100,75,79,50,59,25,39,1
67,100,68,54,70,7,11,1,1
45,100,35,64,38,28,7,0,1
100,62,88,95,74,100,74,67,1
68,100,51,85,53,59,58,33,1
78,88,100,100,82,74,69,49,1
80,90,100,100,98,75,98,50,1
61,84,100,100,90,77,70,51,1
79,98,71,54,71,12,9,1,1
100,100,96,87,71,64,46,43,1
100,100,91,81,77,60,55,38,1
58,100,78,99,78,74,78,49,1
69,76,100,100,86,88,69,60,1
84,97,100,100,91,75,81,50,1
66,79,100,100,76,76,53,51,1
81,98,79,50,85,0,27,0,1
70,79,100,100,82,74,69,47,1
79,90,100,100,86,74,70,49,1
100,100,86,84,75,63,67,42,1
100,100,85,91,75,63,75,36,1
64,100,54,66,49,32,33,0,1
67,70,100,100,91,94,69,63,1
74,85,100,100,79,76,62,51,1
59,75,100,100,92,80,69,54,1
78,70,100,100,88,86,66,56,1
73,69,100,100,88,94,73,63,1
68,78,100,100,78,75,59,50,1
72,78,100,100,96,81,84,54,1
80,95,100,100,98,75,96,50,1
74,99,100,100,85,75,65,49,1
67,75,100,100,96,81,77,54,1
61,85,95,100,100,91,82,61,1
68,82,100,100,100,87,81,58,1
70,83,100,100,91,74,82,49,1
66,90,100,100,80,74,59,48,1
92,97,100,100,76,75,55,50,1
90,100,56,92,46,66,51,40,1
56,100,46,57,47,15,100,11,1
60,77,91,100,100,84,86,56,1
67,78,100,100,89,83,75,56,1
65,94,100,100,91,75,82,50,1
48,49,76,73,100,100,94,73,1
74,100,100,93,97,69,97,46,1
92,84,100,100,84,71,71,42,1
68,78,100,100,91,91,67,62,1
75,99,100,100,88,75,78,48,1
48,79,90,100,100,81,85,54,1
89,100,100,90,81,67,58,45,1
66,79,100,100,76,75,50,51,1
58,74,92,100,100,90,78,59,1
57,84,94,100,100,79,87,52,1
73,90,79,100,81,74,85,49,1
100,100,91,81,79,61,73,39,1
100,100,88,88,81,66,77,43,1
58,97,65,100,58,73,50,48,1
61,73,100,100,91,88,61,59,1
68,82,100,100,77,75,57,51,1
100,100,100,80,81,60,38,40,1
73,98,100,100,92,74,84,49,1
52,83,100,100,94,78,67,52,1
67,77,100,100,100,82,82,53,1
68,82,100,100,85,75,66,49,1
68,82,100,100,94,77,82,50,1
47,83,82,100,100,94,77,63,1
55,100,49,62,44,24,2,0,1
73,90,100,100,89,74,82,47,1
67,80,99,100,100,75,100,49,1
61,70,100,100,100,96,89,64,1
73,100,63,58,52,16,19,8,1
70,96,100,100,92,75,86,50,1
60,100,50,65,47,29,15,0,1
59,82,100,100,84,76,67,51,1
100,100,86,88,71,63,67,37,1
73,84,100,100,88,75,81,50,1
100,100,95,92,80,69,73,46,1
70,73,100,100,90,89,66,60,1
69,83,100,100,97,75,87,50,1
100,100,75,77,75,53,85,30,1
82,77,100,100,71,76,59,50,1
77,99,100,100,88,74,73,47,1
61,91,100,100,75,75,52,51,1
79,100,75,82,67,46,56,11,1
54,90,100,100,76,75,49,50,1
53,84,93,100,100,79,85,53,1
94,100,100,85,79,64,54,42,1
100,100,96,88,87,66,85,44,1
41,71,78,96,100,100,75,67,1
69,71,100,100,97,91,77,60,1
89,100,82,58,82,17,39,1,1
61,78,100,100,88,81,71,54,1
50,80,80,100,100,96,87,64,1
76,78,100,100,80,74,61,47,1
50,63,74,81,97,100,100,78,1
77,100,100,99,84,74,64,49,1
60,73,100,100,87,87,64,58,1
66,100,59,98,59,68,68,38,1
65,82,95,100,100,92,80,62,1
100,100,74,83,43,62,13,42,1
64,75,93,100,100,97,91,64,1
49,74,82,98,100,100,78,67,1
100,100,97,91,71,68,46,46,1
83,90,100,100,93,74,86,48,1
69,80,100,100,94,78,88,51,1
65,84,100,100,83,75,62,50,1
74,90,100,100,89,74,78,47,1
59,100,61,79,64,58,72,37,1
74,100,100,98,80,74,67,49,1
77,99,100,100,78,76,57,51,1
100,100,100,100,79,76,57,50,1
67,82,100,100,75,76,51,51,1
67,78,99,100,100,88,79,58,1
83,83,100,100,73,76,50,51,1
52,81,92,100,100,82,80,55,1
100,100,96,94,63,71,37,47,1
70,95,94,100,93,75,89,50,1
96,100,100,84,94,60,88,35,1
88,87,100,100,76,75,53,50,1
66,82,100,100,77,76,55,51,1
68,77,100,100,96,76,77,50,1
62,80,100,100,79,76,55,51,1
67,82,100,100,88,75,72,49,1
77,76,100,100,83,73,73,47,1
78,86,100,100,71,75,43,50,1
70,100,73,80,67,41,55,3,1
43,79,86,100,100,93,77,63,1
57,80,100,100,84,75,81,50,1
97,98,100,100,69,75,40,50,1
21,100,27,67,54,20,2,0,1
55,84,100,100,73,75,55,50,1
100,100,75,80,50,60,25,40,1
100,93,98,51,98,9,22,0,1
100,100,89,58,83,16,15,0,1
42,100,43,58,55,17,0,0,1
73,75,100,100,73,78,48,52,1
76,100,100,99,78,74,57,49,1
100,100,88,95,60,72,36,48,1
100,100,100,99,79,71,74,42,1
47,86,39,48,45,12,100,8,1
100,100,81,73,77,45,74,17,1
45,89,100,100,88,75,79,50,1
11,70,2,80,19,33,0,0,1
30,100,31,100,44,44,18,0,1
21,74,52,100,65,46,53,0,1
59,76,100,100,67,77,44,51,1
53,100,46,58,38,16,0,5,1
50,88,36,46,24,5,0,5,1
100,100,88,85,62,64,50,42,1
29,100,32,76,34,25,0,0,1
42,82,90,100,100,80,80,54,1
59,100,58,62,59,21,100,14,1
48,78,41,36,21,0,0,3,1
66,98,50,55,35,12,0,7,1
100,100,98,90,82,62,75,35,1
32,72,27,39,44,7,100,0,1
100,100,79,72,65,44,53,15,1
100,100,88,69,73,38,56,7,1
100,100,91,58,91,16,49,0,1
77,98,73,60,69,22,29,0,1
100,100,90,82,68,61,44,40,1
71,100,61,56,48,13,0,1,1
100,100,81,74,74,47,69,20,1
44,100,42,59,37,18,0,0,1
45,82,46,32,20,0,0,1,1
52,74,47,27,91,0,100,5,1
71,100,57,58,46,16,0,0,1
36,85,41,47,42,9,0,0,1
10,96,16,48,24,2,0,0,1
62,87,55,42,41,3,0,0,1
54,100,27,87,38,37,40,0,1
32,100,45,52,63,7,0,0,1
100,100,83,80,59,60,41,40,1
46,82,94,100,100,80,78,53,1
57,88,49,35,31,0,0,6,1
51,93,46,54,40,15,0,1,1
100,100,72,80,44,60,17,40,1
62,100,56,58,51,17,0,4,1
59,100,52,62,39,25,0,0,1
62,68,53,27,32,0,0,2,1
100,100,95,87,81,59,71,30,1
77,100,64,63,48,26,0,0,1
100,100,89,60,85,20,45,0,1
100,100,79,80,52,60,29,40,1
100,100,85,80,56,61,29,41,1
64,78,48,34,29,0,0,7,1
44,92,43,52,39,12,0,0,1
62,71,100,100,88,93,55,62,1
41,100,40,55,46,10,0,0,1
100,100,75,71,56,42,35,13,1
37,99,45,89,51,34,24,2,1
92,83,100,100,73,76,49,50,1
100,100,90,81,74,50,66,18,1
100,100,85,81,59,61,38,41,1
80,100,100,98,67,74,30,50,1
100,100,91,90,63,68,37,46,1
73,99,56,63,50,26,21,0,1
100,95,98,55,96,16,25,2,1
100,100,84,73,79,46,66,18,1
98,100,100,83,87,58,79,33,1
52,92,42,53,38,14,0,0,1
41,95,39,55,37,16,0,0,1
100,100,76,71,70,40,55,10,1
73,89,56,40,37,0,0,8,1
100,100,88,70,74,41,52,13,1
60,100,55,57,42,15,0,0,1
97,98,100,100,70,75,40,50,1
62,99,55,61,44,23,0,0,1
37,76,92,100,100,80,84,53,1
18,87,12,97,36,44,16,0,1
58,76,54,31,78,0,100,6,1
63,91,57,50,48,10,0,1,1
75,97,100,100,70,75,45,50,1
96,100,100,93,70,70,39,47,1
53,84,100,100,83,74,66,47,1
77,82,61,34,39,0,0,8,1
100,100,80,80,60,60,41,40,1
81,90,63,46,47,7,0,2,1
37,72,38,38,28,5,0,0,1
85,100,70,60,59,21,0,0,1
82,97,73,56,75,15,9,0,1
88,77,75,62,50,46,25,30,1
74,99,61,57,48,16,0,3,1
79,100,57,64,38,30,0,0,1
100,100,76,77,62,51,57,24,1
49,61,40,21,19,0,0,4,1
100,100,65,80,30,60,9,41,1
100,100,81,80,60,60,38,40,1
73,81,57,39,46,0,0,10,1
67,71,54,31,41,1,0,0,1
52,100,46,44,36,0,0,13,1
47,99,100,100,84,75,75,50,1
65,66,54,24,28,0,0,6,1
83,86,67,46,51,6,0,0,1
55,100,40,67,58,14,0,1,1
100,100,89,75,79,49,76,24,1
43,74,53,82,41,22,0,0,1
100,100,78,75,66,49,64,23,1
100,100,88,85,60,64,38,42,1
28,74,63,100,62,50,59,3,1
76,91,59,57,37,24,0,0,1
100,100,83,80,59,60,34,40,1
75,76,61,35,47,0,0,8,1
100,100,65,80,42,61,19,41,1
93,83,82,56,84,28,71,2,1
62,66,49,26,30,0,0,2,1
68,79,56,33,30,0,0,1,1
94,75,85,35,59,2,0,0,1
100,100,89,66,78,30,55,0,1
84,100,68,62,57,24,0,0,1
73,83,62,49,44,15,0,0,1
83,88,73,48,53,11,0,0,1
72,76,56,60,39,45,22,30,1
84,86,70,51,47,19,0,0,1
60,83,65,100,72,55,87,10,1
100,100,100,91,65,68,29,46,1
42,75,29,45,15,15,37,0,2
72,100,70,73,32,48,5,18,2
59,100,72,73,53,42,31,12,2
89,87,74,61,45,37,15,14,2
69,99,79,63,59,28,28,0,2
67,85,60,44,31,19,26,20,2
73,100,100,81,85,55,58,32,2
76,91,70,65,38,43,11,20,2
64,85,43,61,9,44,23,21,2
65,97,61,63,40,31,6,5,2
59,78,61,52,46,27,22,5,2
51,80,43,50,24,22,12,2,2
68,100,100,88,94,62,74,39,2
40,91,28,59,7,31,13,8,2
68,94,74,63,49,34,6,9,2
95,92,87,67,55,44,18,23,2
63,73,47,34,14,4,4,10,2
77,77,59,50,29,26,0,2,2
60,93,59,64,41,38,19,12,2
65,83,43,56,12,36,25,13,2
69,93,54,58,25,29,4,5,2
46,72,27,42,2,17,29,4,2
68,87,56,51,25,22,2,2,2
67,84,48,50,16,23,16,2,2
56,78,48,34,19,0,11,13,2
80,86,70,42,40,7,14,0,2
54,91,51,55,29,22,3,0,2
55,71,45,35,14,8,9,19,2
100,94,90,65,55,41,13,18,2
57,99,60,64,38,30,11,2,2
56,86,45,51,26,19,34,0,2
49,87,39,54,15,26,24,11,2
74,80,40,55,1,35,15,12,2
56,98,53,58,26,26,15,4,2
56,71,37,40,1,19,15,19,2
93,90,89,63,60,39,28,17,2
63,75,51,39,15,16,14,27,2
54,97,68,72,60,43,48,16,2
37,81,32,49,11,22,23,6,2
77,99,100,75,70,50,30,28,2
72,84,54,55,26,30,13,3,2
94,98,100,69,58,44,14,21,2
52,79,37,37,5,3,6,0,2
87,99,100,71,63,46,23,24,2
70,100,93,70,61,38,15,12,2
70,87,48,49,16,18,11,0,2
99,100,100,73,55,46,8,21,2
66,87,58,54,34,27,19,0,2
48,77,34,52,12,30,12,8,2
56,100,42,60,14,25,11,0,2
53,83,41,43,14,10,13,0,2
34,88,26,55,15,23,28,0,2
49,100,72,71,43,39,10,10,2
64,99,69,63,53,29,28,0,2
31,68,22,34,7,2,34,0,2
50,89,40,40,10,2,12,4,2
100,94,93,66,55,41,9,19,2
74,88,56,40,17,10,10,23,2
51,93,50,51,33,13,25,0,2
48,73,33,40,9,13,24,0,2
54,77,37,42,5,14,2,17,2
56,72,38,40,8,13,1,0,2
54,85,44,55,22,29,33,7,2
45,100,70,79,45,49,35,15,2
64,88,49,58,24,30,10,1,2
58,77,46,37,10,12,19,24,2
65,100,75,72,53,43,28,16,2
43,71,36,37,9,8,7,12,2
89,87,75,59,44,36,9,14,2
57,94,37,53,0,22,5,18,2
71,87,61,53,33,28,21,3,2
82,97,100,71,80,44,47,20,2
66,81,66,55,51,30,26,8,2
66,100,81,75,58,49,34,22,2
56,88,44,47,14,15,13,0,2
89,85,75,57,42,32,0,11,2
49,77,39,50,21,25,20,5,2
46,77,43,45,31,16,34,0,2
100,96,93,69,57,45,15,21,2
56,72,40,31,3,10,19,22,2
63,100,55,61,26,29,19,0,2
58,90,45,58,25,30,23,0,2
61,77,34,52,0,30,4,10,2
61,89,51,57,28,28,0,2,2
88,91,82,66,55,44,26,23,2
65,88,49,52,21,24,30,6,2
53,98,43,65,18,38,20,8,2
69,87,62,57,34,32,2,8,2
65,81,51,55,30,29,11,4,2
55,80,34,52,6,27,21,5,2
78,83,66,55,36,31,11,6,2
41,99,60,83,53,52,56,20,2
66,77,58,34,20,12,15,21,2
97,88,79,65,47,45,15,23,2
60,85,62,51,42,21,26,2,2
27,60,10,21,2,1,35,0,2
70,88,65,38,28,10,11,16,2
61,87,55,48,24,22,26,3,2
73,84,65,46,32,19,14,23,2
74,93,69,60,41,29,0,3,2
68,86,61,55,31,31,20,9,2
93,97,100,71,70,48,34,26,2
65,83,55,40,20,12,13,16,2
100,91,83,65,48,42,9,18,2
56,91,69,50,38,15,10,10,2
94,87,80,63,53,42,23,20,2
68,83,56,52,24,29,16,20,2
53,84,42,50,16,24,27,5,2
69,100,86,77,59,50,28,26,2
60,80,34,53,1,29,0,4,2
63,82,58,40,26,12,20,16,2
78,96,100,74,70,51,37,30,2
51,80,53,46,37,15,30,0,2
32,63,15,31,11,10,41,7,2
54,90,46,62,28,36,18,9,2
77,92,73,61,46,34,17,8,2
66,97,62,63,37,33,12,6,2
55,87,48,42,15,9,1,17,2
58,86,56,50,29,22,14,1,2
53,100,71,77,49,46,35,14,2
24,66,7,34,0,14,34,9,2
55,77,55,31,7,2,0,6,2
81,75,59,33,22,0,0,3,2
27,69,14,32,0,0,33,5,2
59,78,45,48,22,21,0,0,2
37,82,33,53,5,28,4,6,2
75,100,64,65,31,36,0,8,2
25,66,14,32,0,3,34,0,2
53,73,32,42,0,19,29,32,2
66,76,42,45,4,22,0,3,2
63,78,55,32,14,4,0,15,2
47,75,35,35,8,1,0,2,2
50,72,30,38,0,13,25,2,2
59,70,37,39,3,13,0,9,2
73,75,52,39,6,16,0,31,2
100,91,93,65,62,43,25,23,2
54,70,30,39,0,13,14,4,2
79,95,67,61,33,33,0,5,2
34,72,18,41,0,12,30,1,2
65,100,67,63,44,27,0,0,2
59,70,39,39,5,13,0,16,2
61,67,38,31,0,12,21,27,2
29,64,21,29,0,2,33,2,2
58,73,36,42,5,15,0,0,2
54,73,32,43,0,21,18,6,2
70,72,47,35,9,7,0,6,2
54,72,32,42,0,18,15,10,2
89,80,57,52,17,30,0,5,2
59,72,42,27,0,5,5,24,2
58,96,41,53,7,18,0,8,2
74,95,66,68,34,43,0,19,2
65,91,45,58,13,31,0,6,2
68,76,59,46,33,21,0,0,2
74,74,56,44,25,18,0,3,2
60,78,31,55,0,34,10,13,2
49,73,29,42,0,16,20,19,2
95,100,88,70,48,43,0,18,2
61,82,37,36,2,0,0,0,2
67,100,59,57,29,22,0,0,2
56,62,44,21,0,13,35,25,2
62,77,50,42,24,12,0,0,2
53,79,44,41,9,14,0,6,2
73,71,56,29,19,0,0,11,2
66,78,56,38,19,10,0,6,2
52,73,31,43,0,20,20,9,2
74,77,52,41,13,14,0,17,2
61,76,37,36,5,1,0,1,2
70,87,51,53,13,28,0,4,2
62,87,43,39,3,7,0,1,2
100,100,74,70,36,42,0,15,2
77,74,43,45,5,20,0,3,2
79,77,44,46,1,23,0,13,2
96,81,60,55,16,33,0,8,2
78,99,83,66,47,35,0,10,2
65,69,41,34,0,12,2,8,2
56,75,30,53,0,32,3,11,2
75,78,44,48,4,22,0,0,2
59,67,35,34,0,27,30,32,2
41,68,24,36,0,10,33,3,2
83,96,63,66,27,42,0,13,2
60,79,40,42,6,13,0,9,2
65,77,34,53,0,31,1,7,2
41,74,24,34,0,0,22,15,2
50,63,34,28,0,5,18,8,2
56,79,30,52,0,27,0,2,2
62,71,34,39,0,14,15,8,2
73,80,39,53,0,28,0,4,2
72,79,46,45,12,15,0,0,2
97,86,70,62,34,42,0,20,2
63,96,60,57,27,26,0,0,2
63,79,41,52,13,29,0,2,2
64,79,48,41,16,11,0,8,2
50,89,37,51,7,18,0,12,2
81,95,78,62,43,35,0,10,2
51,68,29,31,0,2,30,7,2
93,95,81,62,43,34,0,10,2
68,70,50,24,8,0,0,6,2
76,82,70,40,28,13,0,4,2
49,100,55,56,26,17,0,0,2
72,77,42,46,0,23,2,14,2
60,76,40,43,7,16,0,9,2
76,97,71,57,41,23,0,0,2
50,69,28,38,0,13,23,1,2
94,95,84,64,47,37,0,14,2
72,65,46,29,8,0,0,16,2
55,80,31,50,0,23,4,0,2
68,86,54,49,21,20,0,5,2
87,83,61,58,27,36,0,13,2
57,82,32,39,0,5,19,0,2
93,81,49,56,0,35,14,16,2
65,62,38,23,0,0,13,18,2
67,75,43,47,12,22,0,0,2
76,81,54,35,15,0,0,14,2
76,84,51,50,0,26,12,26,2
100,81,83,48,47,23,0,6,2
58,67,30,39,0,15,21,0,2
81,83,57,51,18,26,0,9,2
34,58,13,28,0,12,34,5,2
92,84,71,53,36,29,0,5,2
62,70,41,35,11,3,0,15,2
68,73,38,44,0,20,16,19,2
58,76,44,36,11,4,0,1,2
71,66,38,36,0,12,15,1,2
87,85,69,45,32,16,0,8,2
72,77,66,36,31,2,0,14,2
57,70,31,37,0,11,17,3,2
65,67,40,28,0,12,18,31,2
69,65,40,26,0,0,4,6,2
62,73,38,35,0,8,5,0,2
58,62,32,33,0,13,27,9,2
87,80,61,57,30,34,0,12,2
49,69,26,40,0,11,21,0,2
71,77,45,51,11,30,0,11,2
64,84,54,45,28,10,0,5,2
62,85,34,55,0,27,1,0,2
77,100,100,70,66,39,0,19,2
51,67,30,38,0,16,27,8,2
63,65,39,22,0,0,13,20,2
56,68,42,32,0,14,36,12,2
59,65,34,28,0,1,16,11,2
61,65,36,33,0,6,0,13,2
73,63,46,29,0,16,5,29,2
76,71,52,40,13,16,0,13,2
74,63,45,25,2,0,0,15,2
77,66,57,25,9,3,0,7,2
80,91,61,53,24,26,0,15,2
70,70,49,37,18,7,0,7,2
72,75,54,44,24,18,0,11,2
52,68,43,30,0,12,49,5,2
66,57,39,21,0,0,15,29,2
80,76,61,48,33,23,0,1,2
86,75,49,52,11,29,0,3,2
75,55,44,17,0,0,6,24,2
57,74,35,29,0,0,15,26,2
65,77,43,36,1,11,0,8,2
62,66,41,30,0,13,38,10,2
76,77,49,40,9,13,0,15,2
76,68,57,34,16,13,0,9,2
40,57,19,21,0,14,33,15,2
72,87,63,48,35,16,0,10,2
84,76,66,41,37,11,0,3,2
67,70,37,43,0,22,12,18,2
93,82,71,51,33,26,0,0,2
76,79,49,47,11,21,0,0,2
78,78,60,41,25,12,0,4,2
68,71,45,38,11,12,0,8,2
63,58,39,17,0,0,18,17,2
87,74,69,45,38,19,0,0,2
74,75,59,39,30,9,0,8,2
78,64,56,27,13,2,0,19,2
92,91,81,52,50,18,0,0,2
90,81,68,52,34,27,0,4,2
69,65,39,31,0,5,7,18,2
100,85,81,53,38,28,0,26,2
82,74,66,39,31,12,0,3,2
78,69,63,38,34,10,0,12,2
89,96,77,56,40,24,0,11,2
82,88,76,53,43,24,0,0,2
64,69,47,35,15,8,0,0,2
55,53,33,14,0,0,30,11,2
55,65,30,37,0,14,26,9,2
75,71,39,43,0,17,11,4,2
81,97,69,53,39,15,0,1,2
40,100,68,72,56,32,28,0,2
100,72,66,38,7,19,0,33,2
76,71,56,35,21,7,0,4,2
77,84,49,49,14,20,0,0,2
83,80,70,46,31,24,0,7,2
72,77,56,44,32,12,0,4,2
74,71,44,44,3,22,0,18,2
82,77,62,43,24,17,0,8,2
100,100,94,60,56,25,0,0,2
81,71,54,36,16,9,0,2,2
86,69,70,24,24,0,0,4,2
78,100,91,62,51,28,0,2,2
59,71,44,34,0,18,32,26,2
87,75,66,39,24,15,0,15,2
100,79,79,56,41,37,0,20,2
68,67,36,40,0,17,27,1,2
99,75,71,45,24,25,0,29,2
77,77,41,42,0,15,2,0,2
63,73,43,36,0,16,29,16,2
58,57,37,16,0,0,24,20,2
100,69,76,27,34,0,0,10,2
76,78,57,41,24,11,0,8,2
47,63,25,30,0,4,34,2,2
100,79,72,52,35,31,0,9,2
64,85,43,48,0,21,6,19,2
57,68,36,29,0,3,15,8,2
53,57,34,19,0,0,23,19,2
69,70,55,32,19,3,0,8,2
60,67,38,22,0,0,14,16,2
47,50,22,20,0,17,33,17,2
94,68,60,37,10,19,0,31,2
95,70,68,39,32,11,0,10,2
89,68,60,36,16,13,0,22,2
73,68,49,38,19,10,0,4,2
85,100,74,60,43,25,0,0,2
89,77,69,44,31,17,0,22,2
54,50,32,8,0,0,28,16,2
96,81,80,43,45,10,0,0,2
78,72,46,41,0,16,1,5,2
62,69,34,40,0,16,12,11,2
91,85,69,49,34,20,0,0,2
100,82,85,40,44,11,0,0,2
58,67,35,39,0,32,27,22,2
79,88,71,54,42,24,0,0,2
100,91,84,67,52,46,18,28,2
100,85,78,46,37,20,0,4,2
86,68,60,26,18,0,0,18,2
84,94,71,52,42,16,0,3,2
100,94,74,67,37,43,0,20,2
67,71,50,36,0,26,29,19,2
81,100,85,53,48,16,0,0,2
63,53,36,15,0,0,24,20,2
94,83,79,49,43,21,0,0,2
94,86,75,47,43,14,0,2,2
60,73,40,38,0,14,0,3,2
100,78,77,49,41,25,0,5,2
83,79,61,39,20,12,0,14,2
80,62,47,25,5,0,0,3,2
100,88,74,57,33,32,0,21,2
54,62,30,32,0,10,29,7,2
79,70,54,41,23,16,0,0,2
82,99,64,43,25,5,0,0,2
94,83,75,47,39,18,0,0,2
72,57,42,22,0,0,3,2,2
70,63,43,29,5,4,0,1,2
76,99,63,47,30,5,0,0,2
18,100,94,92,59,61,4,32,2
79,90,56,44,19,6,0,6,2
100,83,83,46,47,17,0,0,2
75,72,55,45,26,21,0,0,2
100,73,75,47,41,25,0,5,2
77,71,49,46,16,23,0,0,2
68,57,40,23,0,15,19,30,2
67,88,48,40,12,3,0,8,2
61,56,37,19,0,0,20,13,2
93,79,67,39,28,8,0,12,2
79,60,47,28,0,11,8,24,2
100,77,82,40,47,11,0,0,2
92,95,88,47,48,15,0,0,2
100,75,75,43,36,20,0,28,2
70,66,43,34,8,6,0,11,2
100,93,82,53,45,20,0,0,2
69,61,37,34,0,12,9,0,2
87,83,69,43,34,11,0,6,2
93,77,68,43,34,15,0,1,2
100,74,77,48,41,27,0,9,2
100,93,77,60,42,31,0,3,2
98,69,83,37,52,9,0,3,2
64,60,36,27,0,2,12,4,2
70,55,39,18,0,0,16,23,2
95,78,72,50,40,25,0,3,2
92,89,75,50,43,16,0,0,2
86,87,63,42,25,9,0,4,2
71,60,41,27,0,0,1,26,2
91,67,68,33,28,10,0,17,2
88,100,94,63,51,34,0,12,2
55,66,33,36,0,16,23,9,2
90,79,67,43,28,16,0,22,2
94,76,77,43,47,15,0,1,2
100,78,76,54,42,32,7,13,2
83,49,46,14,0,0,6,29,2
94,71,69,46,37,22,0,2,2
100,80,78,53,42,30,0,8,2
95,62,66,26,21,0,0,15,2
100,98,78,53,42,18,0,6,2
100,100,90,63,50,35,0,14,2
93,71,69,44,36,20,0,0,2
100,73,74,42,40,16,0,0,2
100,66,76,30,36,5,0,0,2
